asof,ticker,pe_ratio,pb_ratio,ps_ratio,ev_ebitda,fcf_yield,roe,gross_margin,net_margin,net_debt_ebitda,revenue_growth,earnings_growth,market_cap
2026-08-25,A,31.96458,6.0798063,5.991915,22.367,0.0214758648231599,0.21330999,0.52641,0.19552,0.8610421880363771,0.1,0.6,43333529600.0
2026-08-30,A,30.283464,6.459794,5.8841047,21.71,0.024718965882737313,0.20971,0.53825,0.19533001,1.0438303331085559,0.081,0.085,43377623040.0
2026-08-25,AAPL,35.467426,42.16576,9.702088,27.097,0.0237840851290642,1.4875101,0.48653,0.27618998,0.1306568592945902,0.164,0.287,4529157832704.0
2026-08-30,AAPL,36.62085,43.4375,9.994708,27.91,0.02308774712812232,1.4875101,0.48653,0.27618998,0.13065685929459028,0.164,0.287,4665759498240.0
2026-08-25,ABBV,74.51267,-78.749626,7.25993,17.287,0.0360908955517992,,0.72792,0.098000005,2.0906933534900083,0.102,2.904,467437846528.0
2026-08-30,ABBV,72.994286,-76.05835,7.0118213,16.768,0.0373679483255418,,0.72792,0.098000005,2.0906933534900083,0.102,2.904,451463118848.0
2026-08-25,ABNB,43.42694,14.389137,8.655294,37.15,0.0281564093585354,0.34542,0.82901,0.2045,-3.4672221709171382,0.165,0.334,113895022592.0
2026-08-30,ABNB,43.248856,14.330131,8.6198015,36.984,0.028272348102044268,0.34542,0.82901,0.2045,-3.4672221709171382,0.165,0.334,113427963904.0
2026-08-25,ABT,37.757282,3.949961,4.333666,19.66,0.035709273632364,0.10576,0.56847,0.116450004,2.321462043316925,0.13,-0.475,201883828224.0
2026-08-30,ABT,36.39806,3.8077664,4.205253,19.038,0.036799702004500834,0.10576,0.56847,0.116450004,2.3214620433169255,0.13,-0.475,195901718528.0
2026-08-25,ACGL,7.7740197,1.4804298,1.7945046,6.293,0.1246562327908699,0.19936001,0.38758,0.24396999,-0.0319856003340098,-0.105,-0.071,34511912960.0
2026-08-30,ACGL,7.727912,1.4467636,1.7525187,6.153,0.1276426886760208,0.19936001,0.38758,0.24396999,-0.03198560033400984,-0.105,-0.071,33704437760.0
2026-08-25,ACN,14.792229,3.5787878,1.5614861,8.806,0.1059119690674119,0.24406,0.32013,0.10656,-0.137734033374582,0.056,0.09,114145558528.0
2026-08-30,ACN,15.156674,3.6378813,1.5872695,8.951,0.10419154806669934,0.24406,0.32013,0.10656,-0.13773403337458204,0.056,0.09,116030341120.0
2026-08-25,ADBE,15.750854,9.570443,4.358176,11.437,0.0839428093903704,0.62953997,0.89404,0.28689,0.1491417672098353,0.127,0.079,109817323520.0
2026-08-30,ADBE,16.526077,10.098728,4.598746,12.06,0.07955159129357156,0.62953997,0.89404,0.28689,0.14914176720983538,0.127,0.079,115879198720.0
2026-08-25,ADI,44.23957,5.3746023,,26.969,,0.12227,0.65800005,0.29787,0.987927541805649,0.396,1.635,
2026-08-30,ADI,42.915775,5.22509,12.628535,26.311,0.023657699803314725,0.12227,0.65800005,0.29787,0.987927541805649,0.396,1.635,175306096640.0
2026-08-25,ADM,21.955057,1.5981352,0.4588358,15.432,0.0309165438608432,0.07642,0.0687,0.021559998,2.754257100409865,0.072,3.156,37669961728.0
2026-08-30,ADM,22.278688,1.667246,0.47867495,15.976,0.029635177584507993,0.07642,0.0687,0.021559998,2.754257100409865,0.072,3.156,39298736128.0
2026-08-25,ADP,25.634964,18.666975,5.122672,17.737,0.0466341814261494,0.72239,0.48653,0.20109,0.2003680758672323,0.068,0.098,112429334528.0
2026-08-30,ADP,26.253883,18.961811,5.2035823,18.014,0.045909071280990844,0.72239,0.48653,0.20109,0.20036807586723235,0.068,0.098,114205097984.0
2026-08-25,ADSK,37.033478,16.833399,7.155931,25.004,0.0569810926388072,0.50396,0.92434,0.19488001,-0.093501633481017,0.184,2.314,53719572480.0
2026-08-30,ADSK,35.0821,16.180012,7.065099,23.676,0.05887162878176994,0.53854,0.92503,0.21078,-0.1962495161622194,0.161,0.596,55037120512.0
2026-08-25,AEE,18.866198,2.167169,3.5271103,13.195,-0.0602109607687851,0.11943,0.52408004,0.18583,5.574424631834693,-0.062,0.119,29666525184.0
2026-08-30,AEE,18.6831,2.1461363,3.4928794,13.121,-0.060801044027604556,0.11943,0.52408004,0.18583,5.574424631834693,-0.062,0.119,29378607104.0
2026-08-25,AEP,20.958763,2.0699487,2.913676,13.35,-0.090292847351792,0.10130999,0.46352002,0.13781999,5.8613355927149815,0.07,-0.432,66405593088.0
2026-08-30,AEP,21.197573,2.0755484,2.9215586,13.37,-0.09004923240496543,0.10130999,0.46352002,0.13781999,5.8613355927149815,0.07,-0.432,66585243648.0
2026-08-25,AES,5.5243444,2.1284273,0.80612993,12.161,-0.2935532212947846,0.095740005,0.2027,0.1434,7.638820304233661,0.199,,10523219968.0
2026-08-30,AES,5.516854,2.1255412,0.8047198,12.157,-0.2940676101606787,0.095740005,0.2027,0.1434,7.638820304233661,0.199,,10504812544.0
2026-08-25,AFL,12.521187,1.95851,3.2795825,10.965,0.0869449230083342,0.16908,0.50888,0.26908,1.1938994249644788,-0.01,0.468,59258777600.0
2026-08-30,AFL,12.569578,1.9306732,3.232969,10.826,0.08819851148291122,0.16908,0.50888,0.26908,1.1938994249644788,-0.01,0.468,58416517120.0
2026-08-25,AIG,13.89228,0.9999224,1.5132006,4.802,0.1820250197174834,0.0722,0.35087,0.11089,-0.1679351226977284,0.005,-0.101,40461471744.0
2026-08-30,AIG,14.0383215,0.9941074,1.5044008,4.773,0.18308975614415177,0.0722,0.35087,0.11089,-0.16793512269772842,0.005,-0.101,40226172928.0
2026-08-25,AIZ,13.608038,2.3307474,1.0549691,8.272,0.1514225149854023,0.18341999,0.13272999,0.07903,0.1002821143232815,0.094,0.305,14195873792.0
2026-08-30,AIZ,13.680555,2.313255,1.0470514,8.211,0.15256753432179324,0.18341999,0.13272999,0.07903,0.10028211432328153,0.094,0.305,14089333760.0
2026-08-25,AJG,43.658104,2.9392884,4.6146126,19.231,0.0298656734618656,0.06722,0.43186,0.10378,2.966418,0.309,-0.107,69722185728.0
2026-08-30,AJG,43.085346,2.891415,4.539453,18.966,0.03036016080300636,0.06722,0.43186,0.10378,2.966418,0.309,-0.107,68586594304.0
2026-08-25,AKAM,40.022728,3.195041,3.5127645,19.602,0.0467603244127109,0.08918,0.57452,0.09507,5.540893403501344,0.054,-0.268,15185097728.0
2026-08-30,AKAM,38.938408,3.2497733,3.5729396,19.843,0.04597279232753044,0.08918,0.57452,0.09507,5.540893403501344,0.054,-0.268,15445224448.0
2026-08-25,ALB,524.1111,2.0767536,2.8265345,13.194,0.0799059025796329,0.02648,0.23959999,0.03795,0.2477286540101879,0.311,19.962,16698894336.0
2026-08-30,ALB,508.74072,2.0158498,2.743642,12.864,0.0823200602655637,0.02648,0.23959999,0.03795,0.2477286540101879,0.311,19.962,16209174528.0
2026-08-25,ALGN,28.254868,2.6872253,2.739634,11.383,0.051527333672054,0.10155,0.70365,0.09991,-1.0787715108856932,0.043,-0.121,11340803072.0
2026-08-30,ALGN,27.645615,2.6525493,2.7042816,11.222,0.05220094007641723,0.10155,0.70365,0.09991,-1.0787715108856932,0.043,-0.121,11194460160.0
2026-08-25,ALL,5.083822,2.0850062,0.9380371,4.064,0.2304053695231244,0.46113998,0.36800998,0.18971,0.104113116461033,0.118,0.612,65791111168.0
2026-08-30,ALL,5.156936,2.0881312,0.93944305,4.069,0.23006054260386347,0.46113998,0.36800998,0.18971,0.10411311646103308,0.118,0.612,65889722368.0
2026-08-25,ALLE,21.314548,6.52949,3.2247949,14.992,0.0350301051734628,0.3373,0.44801,0.15357,1.812351054984498,0.127,0.162,13829532672.0
2026-08-30,ALLE,20.666666,6.3227205,3.1226752,14.575,0.03617568156148236,0.3373,0.44801,0.15357,1.812351054984498,0.127,0.162,13391592448.0
2026-08-25,AMAT,41.848747,14.99458,12.466428,37.653,0.0079998888489972,0.41068,0.49398,0.30052,-0.18581985343943,0.248,0.428,384427229184.0
2026-08-30,AMAT,39.833477,14.297173,11.8811865,35.893,0.008393945640989407,0.41068,0.49398,0.30052,-0.18581985343943003,0.248,0.428,366380154880.0
2026-08-25,AMCR,20.387236,1.8772041,0.9423544,10.228,0.0678976681479106,0.09396,0.19951999,0.04705,3.966346063348416,0.259,,22150981632.0
2026-08-30,AMCR,19.527195,1.8286184,0.91796446,10.066,0.06970167824082313,0.09396,0.19951999,0.04705,3.9663460633484164,0.259,,21577672704.0
2026-08-25,AMD,120.51319,11.088466,18.051682,77.054,0.011857840659202,0.10196,0.55724,0.15577,-0.9239698503655696,0.501,1.595,745624764416.0
2026-08-30,AMD,121.87958,11.302954,18.400862,78.562,0.011632822589135658,0.10196,0.55724,0.15577,-0.9239698503655697,0.501,1.595,760047665152.0
2026-08-25,AME,34.968254,4.933629,7.064779,22.943,0.0268593440937278,0.14562,0.36905998,0.20044,0.7260011451340148,0.15,0.142,55556878336.0
2026-08-30,AME,34.48905,4.8098454,6.8857756,22.385,0.02755758226045312,0.14562,0.36905998,0.20044,0.7260011451340148,0.15,0.142,54149210112.0
2026-08-25,AMGN,27.33005,20.529139,6.298835,16.404,0.0360303275665187,0.91473,0.71891,0.22951001,2.5083968233467244,0.095,0.649,239954100224.0
2026-08-30,AMGN,26.875078,20.000925,6.136766,16.047,0.03698186796301442,0.91473,0.71891,0.22951001,2.5083968233467244,0.095,0.649,233780101120.0
2026-08-25,AMP,13.424163,7.7962875,2.498433,,0.0585704025790551,0.63432,0.54932,0.199,,0.116,0.117,49566416896.0
2026-08-30,AMP,13.51341,7.7711396,2.492257,,0.05871554689145178,0.63432,0.54932,0.199,,0.116,0.117,49443889152.0
2026-08-25,AMT,24.139378,22.346237,7.5970035,18.862,0.0351289769419021,0.33914003,0.73774004,0.31083,6.1350008038612085,0.047,1.385,83122618368.0
2026-08-30,AMT,24.207417,22.07566,7.5050163,18.719,0.03555954415842149,0.33914003,0.73774004,0.31083,6.1350008038612085,0.047,1.385,82116141056.0
2026-08-25,AMZN,20.799206,5.1229577,3.6442466,17.497,0.0011388000526266,0.30558002,0.5077,0.1744,0.7616214837282254,0.196,2.423,2826769268736.0
2026-08-30,AMZN,20.621517,5.2081866,3.7048748,17.775,0.0011201642177663064,0.30558002,0.5077,0.1744,0.7616214837282254,0.196,2.423,2873797378048.0
2026-08-25,ANET,59.541134,16.035967,22.512468,48.271,0.016399166183189,0.31476,0.63004,0.38371,-2.8759589654015976,0.377,0.357,237299417088.0
2026-08-30,ANET,61.63407,16.652178,23.377552,50.236,0.015792316543094237,0.31476,0.63004,0.38371,-2.8759589654015976,0.377,0.357,246418096128.0
2026-08-25,AON,19.569483,7.931705,4.3337455,15.434,0.0418891561419798,0.44699,0.48154,0.22268,2.5045761516658485,0.022,-0.03,76174245888.0
2026-08-30,AON,19.26287,7.8499804,4.289092,15.301,0.0423252577610848,0.44699,0.48154,0.22268,2.5045761516658485,0.022,-0.03,75389378560.0
2026-08-25,AOS,17.470753,4.6280994,2.240318,11.51,0.0568514701148749,0.27133,0.38592,0.13149,0.6327676665159695,-0.007,-0.15,8524186112.0
2026-08-30,AOS,16.818943,4.455431,2.1567347,11.104,0.059054724689623986,0.27133,0.38592,0.13149,0.6327676665159695,-0.007,-0.15,8206159872.0
2026-08-25,APA,9.159914,2.14564,1.7558447,3.394,0.1426307567636374,0.26659,0.78255,0.19564,0.6008741146853147,0.092,0.263,15051101184.0
2026-08-30,APA,8.974684,2.1246629,1.7386787,3.368,0.14403895031983951,0.26659,0.78255,0.19564,0.6008741146853147,0.092,0.263,14903954432.0
2026-08-25,APD,21.214674,4.9118643,5.411374,18.954,-0.0219590183728093,0.00023,0.32056,-0.00375,3.712480002923073,0.046,,68195217408.0
2026-08-30,APD,21.342833,4.941537,5.444064,19.043,-0.021827160439100143,0.00023,0.32056,-0.00375,3.712480002923073,0.046,,68607184896.0
2026-08-25,APH,39.181362,12.376671,6.610824,21.695,0.019909084782651,0.38115,0.38952,0.17729001,1.4151123768447922,0.55,0.593,191790579712.0
2026-08-30,APH,40.342712,12.550923,6.7038984,21.98,0.019632675213678095,0.38115,0.38952,0.17729001,1.4151123768447922,0.55,0.593,194490810368.0
2026-08-25,APO,47.08865,3.900655,2.2028828,,,0.11412,0.36141998,0.052670002,,0.638,0.637,78418223104.0
2026-08-30,APO,47.382454,3.9667478,2.2402086,,,0.11412,0.36141998,0.052670002,,0.638,0.637,79746949120.0
2026-08-25,APP,23.52955,31.650414,14.688293,18.539,0.0317018631237427,2.03686,0.88464,0.64575994,0.0852768081809472,0.528,0.57,100308180992.0
2026-08-30,APP,24.036308,33.682426,15.571332,19.723,0.029904075109194125,2.03686,0.88464,0.64575994,0.08527680818094725,0.528,0.57,106338557952.0
2026-08-25,APTV,21.815668,1.1269282,0.4790604,4.563,0.164392663454244,0.05158,0.19251,0.010720001,1.5227342534658188,0.023,-0.353,9829361664.0
2026-08-30,APTV,20.608109,1.0890783,0.47186077,4.461,0.1669009630739167,0.05158,0.19251,0.010720001,1.5227342534658188,0.023,-0.353,9681639424.0
2026-08-25,ARE,-66.71605,0.5931748,3.2742813,14.442,0.1446203972446779,-0.040760003,0.68198997,-0.36078998,7.125561329474147,-0.119,,9300029440.0
2026-08-30,ARE,-63.666668,0.5660626,3.124624,14.201,0.15154715091715687,-0.040760003,0.68198997,-0.36078998,7.125561329474147,-0.119,,8874953728.0
2026-08-25,ARES,64.22477,12.692411,7.7129173,35.646,0.0467655016794445,0.14941,0.37407002,0.10628,9.10306446843911,0.058,0.065,46181822464.0
2026-08-30,ARES,65.38073,12.920859,7.8517404,36.047,0.045938660637981535,0.14941,0.37407002,0.10628,9.10306446843911,0.058,0.065,47013040128.0
2026-08-25,ATO,19.883888,1.8586365,5.762372,14.542,-0.0783139432984646,0.09792,0.62212,0.28496,3.735440817573178,0.048,0.233,28359661568.0
2026-08-30,ATO,19.910395,1.8456784,5.7221975,14.467,-0.0788637717923157,0.09792,0.62212,0.28496,3.735440817573178,0.048,0.233,28161941504.0
2026-08-25,AVGO,61.3265,19.466087,22.617498,41.634,0.0159431556362441,0.37280998,0.76284,0.38848,1.0759196582890276,0.479,0.854,1706829545472.0
2026-08-30,AVGO,61.36273,20.01031,23.249825,42.767,0.015509549420859891,0.37280998,0.76284,0.38848,1.0759196582890276,0.479,0.854,1754548011008.0
2026-08-25,AVY,20.07541,6.002549,1.5053389,11.582,0.0721616359594708,0.3116,0.28978002,0.076220006,2.278984259891411,0.109,0.108,13921524736.0
2026-08-30,AVY,19.490131,5.808444,1.4701577,11.281,0.07388847630722216,0.3116,0.28978002,0.076220006,2.278984259891411,0.109,0.108,13596166144.0
2026-08-25,AWK,23.474833,2.3835566,5.261956,14.983,-0.0642124795516172,0.10095,0.61469,0.21347,5.438036420197161,0.062,0.086,27804174336.0
2026-08-30,AWK,23.968805,2.356128,5.2014046,14.873,-0.06496000306705746,0.10095,0.61469,0.21347,5.438036420197161,0.062,0.086,27484219392.0
2026-08-25,AXON,263.25552,13.211372,15.080826,301.047,0.0045762151484946,0.06221,0.59525,0.06191,7.014117960582898,0.353,-0.182,48546668544.0
2026-08-30,AXON,250.30415,13.280789,15.160066,302.592,0.004552295671069429,0.06221,0.59525,0.06191,7.014117960582898,0.353,-0.182,48801751040.0
2026-08-25,AXP,20.407137,6.6423154,3.2124188,,,0.34377,0.62338,0.16141,,0.128,0.11,227802251264.0
2026-08-30,AXP,20.206186,6.5609927,3.1730888,,,0.34377,0.62338,0.16141,,0.128,0.11,225013235712.0
2026-08-25,AZO,20.325813,-17.691038,,14.528,,,0.51754004,0.12399,3.005642361449865,0.084,0.077,
2026-08-30,AZO,20.366913,-17.411926,2.4193974,14.346,0.018690586937013403,,0.51754004,0.12399,3.0056423614498655,0.084,0.077,48355049472.0
2026-08-25,BA,76.81022,27.275791,1.7696822,-67.389,0.0338182755396464,1.73537,0.0471,0.025910001,,0.08,,166341279744.0
2026-08-30,BA,75.7473,27.192846,1.7630115,-67.215,0.033946234283292846,1.73537,0.0471,0.025910001,,0.08,,165714264064.0
2026-08-25,BAC,14.230594,1.584312,3.8256314,,,0.111990005,0.0,0.29524,,0.168,0.341,435858014208.0
2026-08-30,BAC,14.39261,1.5840578,3.8250177,,,0.111990005,0.0,0.29524,,0.168,0.341,435788087296.0
2026-08-25,BALL,18.19774,2.9666128,1.1902966,11.635,0.0222771981060654,0.17151,0.1863,0.0661,3.411368077071291,0.197,0.092,17052189696.0
2026-08-30,BALL,18.272207,2.9366796,1.1851557,11.552,0.022373831662123807,0.17151,0.1863,0.0661,3.411368077071291,0.197,0.092,16978540544.0
2026-08-25,BAX,13.008249,2.2067645,1.1940038,11.245,0.0730455368984649,-0.14371,0.34098,-0.09268,3.989915176220807,0.053,0.368,13695223808.0
2026-08-30,BAX,12.831467,2.1767745,1.1777772,11.146,0.07405190815073885,-0.14371,0.34098,-0.09268,3.9899151762208067,0.053,0.368,13509104640.0
2026-08-25,BBY,15.905456,5.9786773,,7.895,,0.39104,0.22518,0.027309999,0.8521773006412126,0.019,0.379,
2026-08-30,BBY,13.717138,5.47265,0.4117353,7.277,0.07306924194384856,0.43126,0.22677,0.03014,0.7081447481146305,0.036,0.701,17375641600.0
2026-08-25,BDX,33.22997,2.1279159,2.310757,11.118,0.0861970874166817,0.06607,0.46936,0.0419,2.630125740292117,0.054,-0.314,51955060736.0
2026-08-30,BDX,32.563572,2.1143055,2.295977,11.064,0.08675195948080215,0.06607,0.46936,0.0419,2.630125740292117,0.054,-0.314,51622752256.0
2026-08-25,BEN,23.391891,1.4968221,1.8864685,11.758,-0.170035649823803,0.07887,0.37707,0.08717,0.5012507231171013,0.143,1.067,17589620736.0
2026-08-30,BEN,23.732878,1.4981194,1.8881036,11.767,-0.16988840379957204,0.07887,0.37707,0.08717,0.5012507231171013,0.143,1.067,17604866048.0
2026-08-25,BF-B,18.548388,3.2804656,3.3585405,13.076,0.0560647008201098,0.17846,0.6054,0.18202999,1.9434600745834976,0.02,-0.627,13192347648.0
2026-08-30,BF-B,17.79085,3.1058877,3.179808,12.484,0.059216024348836126,0.17846,0.6054,0.18202999,1.9434600745834978,0.02,-0.627,12490285056.0
2026-08-25,BG,24.371683,1.3265576,0.23049526,12.442,-0.3059640409030156,0.071779996,0.049239997,0.01097,5.205694026126412,0.883,0.33,21163843584.0
2026-08-30,BG,24.058332,1.3906217,0.24162664,12.769,-0.29186872349929616,0.071779996,0.049239997,0.01097,5.205694026126412,0.883,0.33,22185916416.0
2026-08-25,BIIB,38.469135,1.7092704,3.2138436,11.699,0.0393131284721299,0.04575,0.78322,0.083229996,2.104697613717552,0.034,-0.848,32228102144.0
2026-08-30,BIIB,38.741135,1.7122482,3.2194426,11.715,0.0392447585425665,0.04575,0.78322,0.083229996,2.1046976137175517,0.034,-0.848,32284248064.0
2026-08-25,BKNG,23.318033,-14.997891,5.6766596,15.752,0.0481919805805378,,0.87227994,0.25527,0.3562855340450754,0.081,1.3,160314540032.0
2026-08-30,BKNG,22.82242,-14.45452,5.64209,15.194,0.04848725521930779,,0.87227994,0.25527,0.35628553404507546,0.081,1.3,159338266624.0
2026-08-25,BKR,20.059872,3.089672,2.219329,12.593,0.0717525646887907,0.16463,0.23657,0.111669995,-0.1593305041956701,-0.024,-0.042,61530902528.0
2026-08-30,BKR,20.067524,3.1108563,2.234546,12.68,0.07126394659981837,0.16463,0.23657,0.111669995,-0.15933050419567013,-0.024,-0.042,61952786432.0
2026-08-25,BLDR,76.32609,1.8863668,0.5229136,12.448,0.0614892251214127,0.02506,0.29188,0.0070999996,5.058682092728496,-0.088,,7555423232.0
2026-08-30,BLDR,73.608696,1.8192077,0.5042966,12.185,0.06375920391182457,0.02506,0.29188,0.0070999996,5.058682092728496,-0.088,,7286432256.0
2026-08-25,BLK,27.701628,3.1546874,6.9790545,17.061,0.0397757534897904,0.122779995,0.47152,0.24089001,0.1012054845350302,0.306,0.196,190521212928.0
2026-08-30,BLK,27.931879,3.1328151,6.9306664,16.948,0.040053456728982355,0.122779995,0.47152,0.24089001,0.10120548453503023,0.306,0.196,189200269312.0
2026-08-25,BMY,14.819383,6.1583524,2.7941656,9.055,0.0590420492756842,0.46598998,0.71661,0.18871,1.7953514078079758,0.057,1.531,137433833472.0
2026-08-30,BMY,14.762749,6.0942793,2.7650945,8.98,0.05966279287658797,0.46598998,0.71661,0.18871,1.7953514078079758,0.057,1.531,136003944448.0
2026-08-25,BNY,18.488026,2.7564986,5.137178,,,0.14124,0.0,0.29413998,,0.131,0.269,110012661760.0
2026-08-30,BNY,18.983644,2.7626188,5.148584,,,0.14124,0.0,0.29413998,,0.131,0.269,110256922624.0
2026-08-25,BR,18.981575,7.44271,2.8281274,13.412,0.0564899811368158,0.40916002,0.31780002,0.15037,1.7228856154033607,0.075,0.084,21145341952.0
2026-08-30,BR,19.129166,7.3700686,2.840719,13.298,0.056239582573993016,0.40916002,0.31780002,0.15037,1.7228856154033607,0.075,0.084,21239488512.0
2026-08-25,BRK-B,12.467738,0.00096571236,2.8064446,-1.79,0.0666682687413447,0.121199995,0.30332002,0.22296,-1.8128983423616905,0.1,1.078,1079602774016.0
2026-08-30,BRK-B,12.707599,0.00096701446,2.8102286,-1.79,0.06657849742504733,0.121199995,0.30332002,0.22296,-1.8128983423616902,0.1,1.078,1081058459648.0
2026-08-25,BRO,23.31875,1.9569893,3.747355,11.114,0.0657925646537582,0.10023,0.56281,0.18084998,2.4716458755186723,0.324,0.071,24968626176.0
2026-08-30,BRO,23.421724,1.9226329,3.6815674,10.962,0.06696823875211873,0.10023,0.56281,0.18084998,2.4716458755186723,0.324,0.071,24530284544.0
2026-08-25,BSX,20.420832,2.844127,3.38287,14.595,0.034513412868086,0.15338999,0.69189,0.17499,2.116091729043973,0.075,0.151,71026737152.0
2026-08-30,BSX,18.887096,2.7181985,3.233088,14.045,0.03611234489809255,0.15338999,0.69189,0.17499,2.116091729043973,0.075,0.151,67881914368.0
2026-08-25,BX,32.0625,12.746472,11.088882,,,0.31374002,1.0,0.22728,,0.286,0.573,171692572672.0
2026-08-30,BX,31.854588,12.635549,10.992384,,,0.31374002,1.0,0.22728,,0.286,0.573,170198450176.0
2026-08-25,BXP,36.453125,2.1658,3.9682562,18.311,0.069562713274174,0.05308,0.56452,0.09304,9.80918177561276,0.037,-0.232,12659610624.0
2026-08-30,BXP,37.268818,2.1450672,3.9302692,18.245,0.07023505613189342,0.05308,0.56452,0.09304,9.809181775612759,0.037,-0.232,12538423296.0
2026-08-25,C,14.178687,1.1480068,2.7040334,,,0.08529,0.0,0.21832001,,0.155,0.61,220951969792.0
2026-08-30,C,14.32112,1.158291,2.7282572,,,0.08529,0.0,0.21832001,,0.155,0.61,222931337216.0
2026-08-25,CAH,31.744534,-18.780409,0.21256262,13.983,0.087938229953776,,0.03844,0.00674,1.2115928671065033,0.058,0.688,54043619328.0
2026-08-30,CAH,32.486153,-18.956598,0.21455681,14.103,0.08712089072953524,,0.03844,0.00674,1.2115928671065033,0.058,0.688,54550638592.0
2026-08-25,CARR,42.835716,3.763414,2.2360582,19.66,0.0174320608595366,0.08966,0.24691999,0.055180002,3.572583450580453,0.039,-0.118,49434775552.0
2026-08-30,CARR,41.99286,3.689363,2.2086947,19.346,0.01764802588533642,0.08966,0.24691999,0.055180002,3.572583450580453,0.039,-0.118,48829825024.0
2026-08-25,CASY,43.648952,7.977307,1.7999992,22.761,0.0174293018120251,0.19153,0.24606001,0.04068,1.59503908096417,0.145,0.66,31609966592.0
2026-08-30,CASY,39.367897,7.055192,1.5919333,20.314,0.01970731490760114,0.19153,0.24606001,0.04068,1.59503908096417,0.145,0.66,27956099072.0
2026-08-25,CAT,35.712025,19.221672,4.9887667,25.353,0.0135432537332376,0.56972003,0.29713,0.14511,2.412220905491749,0.24,0.682,372805533696.0
2026-08-30,CAT,35.206776,18.966415,4.922518,25.048,0.01372552364422782,0.56972003,0.29713,0.14511,2.412220905491749,0.24,0.682,367854813184.0
2026-08-25,CB,12.079288,1.7694039,2.15557,10.478,0.0786082231318771,0.14822,0.31129998,0.18070999,1.1453335516692376,0.061,-0.007,133421162496.0
2026-08-30,CB,11.990124,1.7391661,2.118733,10.325,0.07997493196555441,0.14822,0.31129998,0.18070999,1.1453335516692376,0.061,-0.007,131141099520.0
2026-08-25,CBOE,23.994547,5.725835,6.3568945,16.261,0.0210805863895274,0.26297,0.54078996,0.26734,-0.4009944844710087,0.229,0.502,32174151680.0
2026-08-30,CBOE,23.936007,5.7696958,6.405589,16.391,0.02092033379371406,0.26297,0.54078996,0.26734,-0.4009944844710087,0.229,0.502,32420610048.0
2026-08-25,CBRE,34.84633,5.243666,1.0065012,24.43,0.0372228327199055,0.15798001,0.18574,0.029760001,4.20822002770905,0.155,-0.042,43995172864.0
2026-08-30,CBRE,34.51259,5.2053566,0.9991477,24.285,0.03749678137077333,0.15798001,0.18574,0.029760001,4.20822002770905,0.155,-0.042,43673747456.0
2026-08-25,CCI,31.183674,-9.9531,8.023745,20.397,0.0310377139541541,,0.73732,0.20716,8.31301126247786,-0.049,-0.675,33386801152.0
2026-08-30,CCI,31.07755,-9.919229,7.78519,20.355,0.03198877377284571,,0.73732,0.20716,8.31301126247786,-0.049,-0.675,32394176512.0
2026-08-25,CCL,11.58108,2.7200592,1.2893587,8.101,0.053938559173925,0.26689,0.55676997,0.11237001,3.276773332864012,0.053,-0.065,35213676544.0
2026-08-30,CCL,11.153153,2.6195514,1.2417163,7.923,0.05600808773245282,0.26689,0.55676997,0.11237001,3.276773332864012,0.053,-0.065,33912512512.0
2026-08-25,CDNS,62.682545,12.686531,14.903697,40.874,0.0185015696470776,0.23229,0.85871005,0.23605,0.5192801960400844,0.242,1.254,87002161152.0
2026-08-30,CDNS,68.90486,13.669184,16.082748,44.0,0.017145191496969654,0.23229,0.85871005,0.23605,0.5192801960400844,0.242,1.254,93885014016.0
2026-08-25,CDW,15.926682,6.798871,0.7049266,11.256,0.040853866420947,0.44009998,0.21360001,0.04597,3.017405142253202,0.1,0.049,16566057984.0
2026-08-30,CDW,17.880146,7.5777326,0.78568125,12.199,0.03665478639158457,0.44009998,0.21360001,0.04597,3.017405142253202,0.1,0.049,18463823872.0
2026-08-25,CEG,26.72825,3.0381448,3.0981216,15.245,-0.0683860813413879,0.15055001,0.22107,0.110810004,3.0184859476861168,0.23,-0.468,96878264320.0
2026-08-30,CEG,27.619759,3.0750341,3.1357393,15.393,-0.06756569189055697,0.15055001,0.22107,0.110810004,3.0184859476861168,0.23,-0.468,98054569984.0
2026-08-25,CF,9.616072,3.4084976,2.5273216,6.162,0.0652770501946333,0.29867,0.42486,0.27122,0.2925380724819097,0.176,0.996,19558940672.0
2026-08-30,CF,9.331603,3.3175094,2.4598558,6.027,0.06706738382653472,0.29867,0.42486,0.27122,0.29253807248190977,0.176,0.996,19036823552.0
2026-08-25,CFG,15.300653,1.2331654,3.6244636,,,0.08270001,0.0,0.26051,,0.147,0.413,29579247616.0
2026-08-30,CFG,15.287281,1.2240347,3.5976272,,,0.08270001,0.0,0.26051,,0.147,0.413,29360234496.0
2026-08-25,CHD,31.645061,5.592037,3.9043386,19.556,0.0386201725445489,0.17041,0.45562,0.119569995,1.6042958606436375,0.016,0.09,24320516096.0
2026-08-30,CHD,32.45513,5.522771,3.8559773,19.333,0.03910454491233832,0.17041,0.45562,0.119569995,1.6042958606436375,0.016,0.09,24019267584.0
2026-08-25,CHRW,27.00567,10.279177,0.9821645,19.848,0.0287909716650349,0.37123,0.08447,0.03726,1.9492826942169768,0.193,0.238,16693370880.0
2026-08-30,CHRW,28.755259,10.820982,1.0339334,20.792,0.027349412238683726,0.37123,0.08447,0.03726,1.9492826942169768,0.193,0.238,17573261312.0
2026-08-25,CHTR,3.9079566,1.0575422,0.37239975,5.459,0.1085239053815934,0.27201998,0.55189997,0.09052,4.4098558273418105,-0.017,0.161,20257056768.0
2026-08-30,CHTR,3.859799,1.0809023,0.38062572,5.477,0.1061785217199408,0.27201998,0.55189997,0.09052,4.4098558273418105,-0.017,0.161,20704516096.0
2026-08-25,CI,11.479738,1.735211,0.2624326,7.761,0.1076849154885718,0.16758,0.091359995,0.022720002,1.929848051815461,0.067,0.102,74106249216.0
2026-08-30,CI,11.533499,1.725497,0.26096347,7.729,0.10829114757094384,0.16758,0.091359995,0.022720002,1.929848051815461,0.067,0.102,73691389952.0
2026-08-25,CIEN,131.4311,18.209635,9.453977,67.488,0.0133128145772954,0.15464,0.43047002,0.0787,0.4807517812710858,0.395,23.833,52650614784.0
2026-08-30,CIEN,126.568565,18.527367,9.618935,68.658,0.013084509218989421,0.15464,0.43047002,0.0787,0.48075178127108587,0.395,23.833,53569290240.0
2026-08-25,CINF,7.9410954,1.5754024,1.8831143,5.787,0.1135927869059444,0.21484,0.31066,0.23843001,-0.2327605854089272,0.316,0.855,26276976640.0
2026-08-30,CINF,8.115621,1.5823956,1.8914734,5.814,0.11309077548727411,0.21484,0.31066,0.23843001,-0.23276058540892727,0.316,0.855,26393620480.0
2026-08-25,CL,35.872097,312.6689,3.5054095,16.157,0.0468752012514565,2.67367,0.60431,0.096829996,1.2851695600540132,0.049,-0.055,73778348032.0
2026-08-30,CL,35.728348,306.58783,3.4372325,15.869,0.04780496244190201,2.67367,0.60431,0.096829996,1.2851695600540132,0.049,-0.055,72343429120.0
2026-08-25,CLX,22.188406,144.0457,1.9285977,16.296,0.0085164737662429,1.6376,0.42321,0.087349996,4.785087831578948,-0.02,-0.501,12960176128.0
2026-08-30,CLX,21.316008,137.80913,1.8450975,15.804,0.008901887461387512,1.6376,0.42321,0.087349996,4.785087831578948,-0.02,-0.501,12399055872.0
2026-08-25,CMCSA,8.605096,1.06752,0.7676629,5.247,0.1324267105012469,0.114879996,0.6939,0.08966,2.427728719730421,-0.012,-0.668,95884165120.0
2026-08-30,CMCSA,8.673077,1.0691004,0.7687993,5.252,0.13223096148699656,0.114879996,0.6939,0.08966,2.427728719730421,-0.012,-0.668,96026107904.0
2026-08-25,CME,23.30259,3.7819037,14.855555,21.373,0.028979437851038,0.15802,1.0,0.63443,0.3338643169461359,0.008,0.025,100381949952.0
2026-08-30,CME,23.816666,3.871789,15.20863,21.873,0.028306667829955636,0.15802,1.0,0.63443,0.33386431694613594,0.008,0.025,102767747072.0
2026-08-25,CMG,35.2037,21.913546,3.8725152,23.232,0.0232059171385548,0.49560001,0.39361998,0.114250004,2.084086651242287,0.093,-0.013,48111194112.0
2026-08-30,CMG,35.21296,21.919308,3.8735332,23.237,0.023199817899163203,0.49560001,0.39361998,0.114250004,2.084086651242287,0.093,-0.013,48123842560.0
2026-08-25,CMI,30.037834,6.1253095,2.2672515,16.756,0.0283304717326143,0.21114,0.25772,0.07822,0.868924283975176,0.094,0.047,78691770368.0
2026-08-30,CMI,29.32762,6.052764,2.2456815,16.57,0.02860258839601406,0.21114,0.25772,0.07822,0.868924283975176,0.094,0.047,77943119872.0
2026-08-25,CMS,20.546547,2.2467408,2.4344661,13.706,-0.1024880062130293,0.09158,0.40315,0.11642,6.315440681370579,-0.005,-0.439,21454948352.0
2026-08-30,CMS,20.545181,2.239845,2.3909461,13.684,-0.10435349045022181,0.09158,0.40315,0.11642,6.315440681370579,-0.005,-0.439,21071407104.0
2026-08-25,CNC,12.357601,1.4373919,0.17986718,4.684,0.2972369771961924,-0.20358999,0.11415,-0.02829,-2.3777681736095686,0.046,,32430772224.0
2026-08-30,CNC,12.1881895,1.4176866,0.17740136,4.587,0.30136846317609206,-0.20358999,0.11415,-0.02829,-2.3777681736095686,0.046,,31986176000.0
2026-08-25,CNP,23.136093,2.1974933,2.677335,12.959,-0.2015795490083493,0.09825,0.47027,0.11611,6.276336298035536,0.107,0.233,25755961344.0
2026-08-30,CNP,23.357145,2.2053618,2.6869216,12.983,-0.20086033529025485,0.09825,0.47027,0.11611,6.2763362980355355,0.107,0.233,25848184832.0
2026-08-25,COF,12.001665,1.2884028,2.757813,,,0.09031,0.0,0.21867001,,11.11,,132678377472.0
2026-08-30,COF,11.935252,1.2848284,2.7502298,,,0.09031,0.0,0.21867001,,11.11,,132313546752.0
2026-08-25,COHR,70.457794,4.94596,7.5791583,39.235,-0.0120478922973154,0.07981,0.37495998,0.11309,1.0978152403073798,0.337,,53949820928.0
2026-08-30,COHR,67.602905,5.0125675,7.681227,39.745,-0.011887798837596587,0.07981,0.37495998,0.11309,1.0978152403073798,0.337,,54676365312.0
2026-08-25,COIN,62.102516,3.619643,7.835107,64.66,0.056351814620677,-0.07847,0.8581,-0.16344,-3.0313137067603693,-0.173,,47353450496.0
2026-08-30,COIN,63.17368,3.6027024,7.798437,64.343,0.05661679091500204,-0.07847,0.8581,-0.16344,-3.0313137067603693,-0.173,,47131828224.0
2026-08-25,COO,64.2373,1.7931492,,19.598,,0.02853,0.65550005,0.05573,2.919449386281588,0.079,,
2026-08-30,COO,60.31356,1.6836203,3.280626,18.579,0.030566638686850004,0.02853,0.65550005,0.05573,2.9194493862815882,0.079,,13880329216.0
2026-08-25,COP,17.827541,2.451422,2.4852753,6.564,0.0480115717274721,0.1418,0.47574002,0.144,0.5824495502200491,0.355,1.07,160198361088.0
2026-08-30,COP,17.128778,2.396272,2.4293635,6.43,0.04911655882236005,0.1418,0.47574002,0.144,0.5824495502200491,0.355,1.07,156594339840.0
2026-08-25,COR,23.58121,20.250813,0.18566537,13.273,0.0330718380376413,0.96871,0.03961,0.00789,2.1000283302044567,0.051,0.119,61784109056.0
2026-08-30,COR,23.871758,20.141981,0.18466757,13.213,0.033250531962153836,0.96871,0.03961,0.00789,2.1000283302044567,0.051,0.119,61452070912.0
2026-08-25,COST,47.61765,26.058266,1.4673516,31.116,0.0161431073118006,0.29152,0.12876001,0.0301,-0.0651196420351476,0.215,0.455,430795325440.0
2026-08-30,COST,46.944885,25.36268,1.4281827,30.285,0.01658584159216686,0.29152,0.12876001,0.0301,-0.06511964203514763,0.215,0.455,419295887360.0
2026-08-25,CPAY,25.19294,7.672716,5.4133673,12.542,0.0716089706196962,0.29215,0.80539,0.22723,2.7011218873095664,0.215,-0.07,27177822208.0
2026-08-30,CPAY,24.571085,7.5607543,5.3343744,12.4,0.07266937871383589,0.29215,0.80539,0.22723,2.7011218873095664,0.215,-0.07,26781237248.0
2026-08-25,CPRT,21.05063,3.5095491,6.637933,13.615,0.0324747122523028,0.17607,0.47522998,0.33481997,-2.093869895149809,0.021,0.023,30792486912.0
2026-08-30,CPRT,20.490685,3.4810596,6.8507133,13.488,0.03146606047344274,0.17607,0.47522998,0.33481997,-2.093869895149809,0.021,0.023,31779547136.0
2026-08-25,CPT,35.438313,2.9438736,6.9372854,18.007,0.0127283839686208,0.07885,0.61619,0.20622,5.400970560333876,-0.008,-0.757,10973870080.0
2026-08-30,CPT,35.09901,2.868355,6.759325,17.685,0.013063498562694136,0.07885,0.61619,0.20622,5.400970560333876,-0.008,-0.757,10692360192.0
2026-08-25,CRH,16.805264,2.6539035,1.6496065,10.607,0.031683681861023,0.15812,0.3625,0.099350005,2.1712363926327622,0.056,0.139,63727599616.0
2026-08-30,CRH,16.936396,2.655843,1.650812,10.613,0.03166054463795642,0.15812,0.3625,0.099350005,2.1712363926327622,0.056,0.139,63774171136.0
2026-08-25,CRL,23.536219,5.0184884,3.5963905,20.192,0.0326003777685517,-0.07516,0.34585,-0.05963,3.347348729437393,-0.027,,14381919232.0
2026-08-30,CRL,22.978123,4.8994894,3.4798517,19.794,0.033692152447789975,-0.07516,0.34585,-0.05963,3.347348729437393,-0.027,,13915881472.0
2026-08-25,CRM,24.224796,5.001316,,15.66,,0.16908,0.77643996,0.18733,2.381620791544484,0.133,0.522,
2026-08-30,CRM,23.421774,5.4897923,4.7951202,18.735,0.08416176913730256,0.19381,0.77282,0.2199,2.401193806622062,0.108,1.189,210688000000.0
2026-08-25,CRWD,121.65058,41.89848,38.11426,3210.972,0.0099214486270754,-0.0024899999,0.75136,-0.00598,-62.9049342032064,0.256,,194161672192.0
2026-08-30,CRWD,5460.0,47.98945,41.44206,2053.804,0.008922814504637694,0.01461,0.75185996,0.00834,-39.2441398826513,0.258,,223627362304.0
2026-08-25,CSCO,33.102104,8.656353,6.8608665,24.101,0.0266258895035749,0.27319,0.64564,0.20951,0.7309674056186624,0.176,0.52,434464358400.0
2026-08-30,CSCO,33.72086,8.632794,6.842194,24.038,0.026698551980436695,0.27319,0.64564,0.20951,0.7309674056186624,0.176,0.52,433281925120.0
2026-08-25,CSGP,182.44444,1.6759378,3.7420387,33.525,0.0310144757554821,0.00894,0.78683996,0.02081,-0.2817257258883249,0.184,12.61,13306689536.0
2026-08-30,CSGP,179.0,1.6442971,3.6713912,32.887,0.03161127698933604,0.00894,0.78683996,0.02081,-0.2817257258883249,0.184,12.61,13055467520.0
2026-08-25,CSX,30.08187,6.76664,6.5663795,16.593,0.0204976740720337,0.24357,0.47070998,0.22208999,2.643976088828214,0.101,0.227,95291301888.0
2026-08-30,CSX,29.813951,6.745593,6.5459557,16.55,0.020561629111375608,0.24357,0.47070998,0.22208999,2.643976088828214,0.101,0.227,94994907136.0
2026-08-25,CTAS,41.48,16.14636,7.367681,28.518,0.0176447000571301,0.40714002,0.50668997,0.17754,0.8069930025100017,0.089,0.156,82995167232.0
2026-08-30,CTAS,41.499996,15.8956785,7.253294,28.088,0.017922963630869326,0.40714002,0.50668997,0.17754,0.8069930025100017,0.089,0.156,81706622976.0
2026-08-25,CTSH,13.290599,1.943993,1.2945952,7.2,0.0790752085233241,0.14924,0.3344,0.10258,0.258424182358771,0.045,0.038,28017631232.0
2026-08-30,CTSH,13.74249,2.0015001,1.3996358,7.406,0.0731407324085588,0.14924,0.3344,0.10258,0.25842418235877107,0.045,0.038,30290919424.0
2026-08-25,CTVA,50.187878,2.195445,3.1018696,13.568,0.0437507348639161,0.04256,0.4954,0.056649998,0.5871344641926068,-0.012,-0.099,55250501632.0
2026-08-30,CTVA,49.94048,2.224343,3.1426983,13.738,0.04318233944870216,0.04256,0.4954,0.056649998,0.5871344641926068,-0.012,-0.099,55977746432.0
2026-08-25,CVNA,38.269844,12.91146,4.2953258,22.21,0.0039428231202199,0.58773,0.19371,0.06257,1.021912272986147,0.524,0.615,107632271360.0
2026-08-30,CVNA,39.174603,13.216708,3.2752278,22.7,0.005170849275472479,0.58773,0.19371,0.06257,1.021912272986147,0.524,0.615,82070659072.0
2026-08-25,CVS,24.571802,1.5090195,0.29168874,10.966,0.0670965313830344,0.06205,0.13645001,0.011849999,3.73788969555153,0.071,1.888,120363900928.0
2026-08-30,CVS,24.489473,1.4921831,0.28843433,10.885,0.06785358665140333,0.06205,0.13645001,0.011849999,3.73788969555153,0.071,1.888,119020978176.0
2026-08-25,CVX,19.755836,2.098037,1.9026383,8.539,0.0550577078850903,0.12231,0.44267,0.09834,0.5634400984036094,0.535,3.219,398382006272.0
2026-08-30,CVX,19.409616,2.0853305,1.8911151,8.491,0.05539319297002273,0.12231,0.44267,0.09834,0.5634400984036094,0.535,3.219,395969232896.0
2026-08-25,D,23.048443,2.0986137,3.2333586,14.135,-0.1567139990518095,0.08281,0.46222,0.13984999,6.430164008800924,0.176,-0.58,58585223168.0
2026-08-30,D,22.681662,2.0652175,3.1819046,14.023,-0.15924819163503587,0.08281,0.46222,0.13984999,6.430164008800924,0.176,-0.58,57652928512.0
2026-08-25,DAL,81.66337,2.472941,,9.373,,0.20125,0.187,0.05784,2.187158750490806,0.187,-0.254,
2026-08-30,DAL,13.457143,2.4006836,0.77109665,9.163,0.05350542190741211,0.20125,0.187,0.05784,2.187158750490806,0.187,-0.254,52655878144.0
2026-08-25,DASH,117.46666,10.003057,6.280645,67.702,0.0515751939722162,0.088870004,0.52225,0.05292,-1.4220054818941503,0.356,-0.3,99805732864.0
2026-08-30,DASH,122.03093,10.338443,6.4551606,70.019,0.050180854923467355,0.088870004,0.52225,0.05292,-1.4220054818941503,0.356,-0.3,102578962432.0
2026-08-25,DD,59.421738,1.3403882,2.6411452,12.639,0.0994374631944044,0.01792,0.35132,0.00787,0.9090334844105225,0.04,1.496,18456324096.0
2026-08-30,DD,58.7897,1.3434285,2.646674,12.665,0.09922975174462428,0.01792,0.35132,0.00787,0.9090334844105225,0.04,1.496,18494957568.0
2026-08-25,DDOG,480.36172,18.557455,20.437103,933.215,0.0129694525694669,0.04696,0.79536,0.044770002,-44.72583142936415,0.356,14.985,81068367872.0
2026-08-30,DDOG,473.96,19.478874,21.45185,981.772,0.012355951408735312,0.04696,0.79536,0.044770002,-44.72583142936415,0.356,14.985,85093597184.0
2026-08-25,DE,36.035557,6.252313,3.6533105,24.257,0.0323536648921691,0.18242,0.26092,0.10168,4.479941219232267,-0.111,-0.085,175092219904.0
2026-08-30,DE,34.5955,6.0758214,3.54608,24.372,0.026573526258815223,0.18242,0.25184,0.10168,4.609651104169608,-0.111,-0.085,169952985088.0
2026-08-25,DECK,13.042493,5.4698825,2.2686756,8.614,0.0694933316745235,0.42558,0.57804,0.18361,-0.8517505459378262,0.057,0.011,12539625472.0
2026-08-30,DECK,12.483642,5.213259,2.162239,8.17,0.07291415068239276,0.42558,0.57804,0.18361,-0.8517505459378262,0.057,0.011,11951320064.0
2026-08-25,DELL,884.0612,-200.27277,2.0887928,21.408,0.0194143544051564,,0.19212,0.062750004,1.4463562346272596,0.875,2.825,279902420992.0
2026-08-30,DELL,36.353783,-210.92924,2.1999373,22.47,0.01843350919417193,,0.19212,0.062750004,1.4463562346272596,0.875,2.825,294796001280.0
2026-08-25,DG,17.455433,3.126216,0.6418084,12.425,0.0680949814817064,0.1891,0.30827,0.03632,4.264256512983041,0.034,0.124,27646124032.0
2026-08-30,DG,16.341755,2.9186559,0.6212841,11.528,0.06410613782931125,0.19692,0.31160998,0.03903,3.9597441319254902,0.052,0.333,27111596032.0
2026-08-25,DGX,25.916046,3.5691597,2.3284388,14.597,0.0337940122057879,0.14602,0.33192003,0.09187,2.54986763918052,0.102,0.15,26916751360.0
2026-08-30,DGX,25.7707,3.5529144,2.3178406,14.543,0.03394853382865849,0.14602,0.33192003,0.09187,2.54986763918052,0.102,0.15,26794235904.0
2026-08-25,DHI,14.147199,1.7557279,1.2493883,11.475,0.0579329973304843,0.12632,0.21298,0.09154,1.2378737101380817,0.0,-0.048,41667100672.0
2026-08-30,DHI,14.050525,1.7371063,1.236137,11.368,0.05855403329385889,0.12632,0.21298,0.09154,1.2378737101380815,0.0,-0.048,41225170944.0
2026-08-25,DHR,39.039925,2.8755715,6.0229945,21.766,0.0286016696651406,0.07605,0.58752996,0.15948,2.9285001079103106,0.055,0.597,151219322880.0
2026-08-30,DHR,38.44662,2.8884048,6.049875,21.85,0.028474591047716474,0.07605,0.58752996,0.15948,2.9285001079103106,0.055,0.597,151894196224.0
2026-08-25,DIS,22.210844,1.7390963,1.9318925,11.385,0.0254484781848005,0.0801,0.37595,0.086990006,1.948957755299028,0.068,-0.483,190988828672.0
2026-08-30,DIS,22.28866,1.699632,1.8880534,11.178,0.02603937166425514,0.0801,0.37595,0.086990006,1.9489577552990278,0.068,-0.483,186654851072.0
2026-08-25,DLR,92.426476,2.612654,10.511562,28.278,0.0530570297310735,0.02912,0.56994,0.11825,5.659031632853639,0.299,-0.587,71027007488.0
2026-08-30,DLR,90.03398,2.5699756,10.366274,27.923,0.05380065157389377,0.02912,0.56994,0.11825,5.659031632853639,0.299,-0.587,70045286400.0
2026-08-25,DLTR,21.103395,7.541083,1.3307681,13.664,0.0549327188264935,0.33976,0.36991,0.06514,2.7381200214608743,0.072,0.095,26279874560.0
2026-08-30,DLTR,15.718137,7.0729012,1.199154,12.253,0.0436138524220741,0.46032003,0.3718,0.08035,2.641065474467533,0.07,1.972,24065462272.0
2026-08-25,DOC,61.8,1.921471,5.1984873,16.073,0.1072816181980705,0.03039,0.57648,0.08248,5.525641690090712,0.111,0.682,15334529024.0
2026-08-30,DOC,59.88571,1.8421514,5.0374613,15.779,0.11071094495972232,0.03039,0.57648,0.08248,5.525641690090712,0.111,0.682,14859534336.0
2026-08-25,DOV,24.385628,3.5596657,3.2567399,15.153,0.0330544706280003,0.14914,0.40092,0.13475999,0.7878596823707563,0.069,0.141,27423586304.0
2026-08-30,DOV,24.024181,3.473305,3.1777287,14.805,0.03387633930348183,0.14914,0.40092,0.13475999,0.7878596823707563,0.069,0.141,26758266880.0
2026-08-25,DOW,17.280897,1.4319549,0.5496356,9.946,0.0104632708803334,-0.0554,0.09787,-0.03129,3.835477917368008,0.197,,22710392832.0
2026-08-30,DOW,16.619276,1.3895974,0.5333773,9.777,0.010782210249043703,-0.0554,0.09787,-0.03129,3.8354779173680074,0.197,,22038616064.0
2026-08-25,DPZ,19.37868,-2.89808,2.2963965,16.125,0.0460335262159574,,0.28709,0.118640006,4.844112480636122,0.043,0.068,11545857024.0
2026-08-30,DPZ,18.827326,-2.9063008,2.3029106,16.157,0.045903318397762,,0.28709,0.118640006,4.844112480636122,0.043,0.068,11578607616.0
2026-08-25,DRI,21.239172,11.656245,1.938587,15.867,0.0308848169913164,0.53718,0.21667999,0.09134,3.700709032224408,0.137,0.36,25610479616.0
2026-08-30,DRI,20.654217,11.143094,1.8532431,15.331,0.0323070961416928,0.53718,0.21667999,0.09134,3.7007090322244074,0.137,0.36,24483010560.0
2026-08-25,DTE,21.397476,2.323582,1.7144991,15.491,-0.0919835585288037,0.1103,0.29347,0.07999,7.68537475583743,-0.015,0.224,28229228544.0
2026-08-30,DTE,21.565079,2.3270075,1.7170266,15.503,-0.0918481565254091,0.1103,0.29347,0.07999,7.68537475583743,-0.015,0.224,28270843904.0
2026-08-25,DUK,18.042898,1.7690657,2.8991337,11.417,-0.0470805652394395,0.098570004,0.51971,0.15995,5.508394922822247,0.011,0.106,95100280832.0
2026-08-30,DUK,18.219698,1.7441186,2.8582506,11.336,-0.04775398367387451,0.098570004,0.51971,0.15995,5.508394922822247,0.011,0.106,93759193088.0
2026-08-25,DVA,14.732889,-14.753824,0.80378187,9.137,0.0925750676766474,0.88475,0.32364,0.060489997,4.499885030276191,0.052,0.558,11260699648.0
2026-08-30,DVA,15.311864,-15.103234,0.82778287,9.231,0.08989091483356235,0.88475,0.32364,0.060489997,4.499885030276191,0.052,0.558,11596945408.0
2026-08-25,DVN,10.484783,1.3284671,2.824823,7.171,0.0147517587871028,0.11522,0.50349,0.17464,1.2262438231826065,0.642,0.44,53052997632.0
2026-08-30,DVN,10.248918,1.3042281,2.7732816,7.063,0.015025920166806333,0.11522,0.50349,0.17464,1.2262438231826065,0.642,0.44,52084998144.0
2026-08-25,DXCM,36.424,13.109703,6.915091,24.098,0.0297173772465439,0.38491002,0.62473,0.20118,-0.3909635575826682,0.131,0.436,34362470400.0
2026-08-30,DXCM,35.897232,13.0751505,6.896866,24.033,0.02979590636708529,0.38491002,0.62473,0.20118,-0.3909635575826682,0.131,0.436,34271905792.0
2026-08-25,EBAY,21.89775,10.418369,3.9682379,16.628,0.0331501596216495,0.46611,0.72052,0.18571,1.23740303875969,0.148,0.55,47650598912.0
2026-08-30,EBAY,22.189075,10.07536,3.9141324,16.419,0.03360839843452133,0.46611,0.72052,0.18571,1.23740303875969,0.148,0.55,47000899584.0
2026-08-25,ECHO,5.4564047,1.7506925,1.691333,21.07,-0.7613779964433651,-0.33428,0.29540002,-0.38712,8.586527482659783,-0.04,,24784668672.0
2026-08-30,ECHO,5.5536118,1.7818815,1.7214645,21.292,-0.7480512867600347,-0.33428,0.29540002,-0.38712,8.586527482659783,-0.04,,25226213376.0
2026-08-25,ECL,38.46917,8.000558,4.7765303,21.583,0.0183324876871092,0.21956,0.44210997,0.12566,2.123824224185114,0.097,0.033,80448708608.0
2026-08-30,ECL,38.43834,7.994146,4.7727017,21.567,0.018347192869156655,0.21956,0.44210997,0.12566,2.123824224185114,0.097,0.033,80384229376.0
2026-08-25,ED,17.71546,1.5495389,2.2519217,10.822,-0.0212097668448951,0.08962,0.53372,0.12533,4.357351599763227,0.132,0.221,39834243072.0
2026-08-30,ED,17.535072,1.5463738,2.247322,10.809,-0.021253177261108962,0.08962,0.53372,0.12533,4.357351599763227,0.132,0.221,39752880128.0
2026-08-25,EFX,33.90767,5.225387,3.548155,14.708,0.0414385512518897,0.14275,0.55542,0.10729,2.752689326983288,0.106,0.007,22866085888.0
2026-08-30,EFX,33.450947,5.2178698,3.5430508,14.691,0.04149825031691129,0.14275,0.55542,0.10729,2.752689326983288,0.106,0.007,22833190912.0
2026-08-25,EG,7.9609127,0.9450275,0.85867226,,0.1429087085814245,0.12572,0.15281,0.11376,,-0.113,-0.115,14447160320.0
2026-08-30,EG,7.9816103,0.947084,0.86054087,,0.14259838635096694,0.12572,0.15281,0.11376,,-0.113,-0.115,14478600192.0
2026-08-25,EIX,7.3822355,1.6314873,1.4655147,8.221,0.0028939361899699,0.19734,0.61005,0.19281,4.848600379464821,-0.041,0.551,28464691200.0
2026-08-30,EIX,7.241486,1.5476742,1.3902279,8.057,0.0030506551326022974,0.19734,0.61005,0.19281,4.848600379464821,-0.041,0.551,27002396672.0
2026-08-25,EL,204.17647,9.898289,,17.687,,0.04745,0.75487,0.01209,2.341344238759254,0.063,,
2026-08-30,EL,206.78,9.827947,2.485612,17.578,0.04844480270507444,0.04745,0.75487,0.01209,2.341344238759254,0.063,,37405974528.0
2026-08-25,ELV,17.729195,1.9452041,0.4341721,9.729,0.0493182499001308,0.11133,0.2599,0.02468,-0.7772703977632415,0.014,-0.131,87318085632.0
2026-08-30,ELV,17.639982,1.9055878,0.42532972,9.516,0.05034355093654247,0.11133,0.2599,0.02468,-0.7772703977632415,0.014,-0.131,85539758080.0
2026-08-25,EME,24.152195,8.2961855,1.8141774,16.762,0.0289950018043096,0.40348998,0.19426,0.07738,-0.1890871985978507,0.198,0.348,33739663360.0
2026-08-30,EME,24.156984,8.027962,1.7555231,16.214,0.029963761484032334,0.40348998,0.19426,0.07738,-0.18908719859785078,0.198,0.348,32648824832.0
2026-08-25,EMR,34.328976,4.312851,4.7162776,16.429,0.0421679653112557,0.128,0.53161,0.13828,1.9184550395447744,0.07,0.23,87892549632.0
2026-08-30,EMR,34.484444,4.2474337,4.663893,16.209,0.04264159427595036,0.128,0.53161,0.13828,1.9184550395447746,0.07,0.23,86916308992.0
2026-08-25,EOG,11.680406,2.5993288,2.9485998,5.666,0.0568444817211474,0.22507,0.62636,0.25733,0.2306312636994002,0.587,1.094,78789533696.0
2026-08-30,EOG,11.1643305,2.3641071,2.8573897,5.418,0.0586590028807931,0.22507,0.62636,0.25733,0.2306312636994002,0.587,1.094,76352307200.0
2026-08-25,EQIX,67.85852,7.239446,10.512758,27.866,0.0362664175982538,0.10735,0.51979,0.15479,4.928854404011734,0.167,0.288,104118362112.0
2026-08-30,EQIX,69.442154,7.165419,10.40526,27.631,0.036641092062137406,0.10735,0.51979,0.15479,4.928854404011734,0.167,0.288,103053697024.0
2026-08-25,EQT,12.480279,1.3320621,3.6202712,6.117,0.0731399506201214,0.11078,0.80748004,0.29176,0.7923608466311044,-0.039,-0.74,33646508032.0
2026-08-30,EQT,12.661253,1.3513781,3.672768,6.187,0.07209452258064826,0.11078,0.80748004,0.29176,0.7923608466311044,-0.039,-0.74,34134409216.0
2026-08-25,ERIE,24.028624,5.6938176,3.4099422,16.534,0.0342566076521362,0.24808,0.17904,0.14007,-0.2896528059996146,0.028,0.032,14047151104.0
2026-08-30,ERIE,23.651226,5.5191708,3.3053486,16.018,0.035340613402120004,0.24808,0.17904,0.14007,-0.2896528059996146,0.028,0.032,13616281600.0
2026-08-25,ES,18.26923,1.6421213,1.9172282,11.146,0.0302540823863261,0.09016,0.52752,0.10354,5.673690411173309,0.023,-0.854,26838075392.0
2026-08-30,ES,18.4,1.6326718,1.9061956,11.114,0.03042918477993909,0.09016,0.52752,0.10354,5.673690411173309,0.023,-0.854,26683637760.0
2026-08-25,ESS,45.733643,3.5449014,10.217907,20.918,0.051578975441669,0.0771,0.68771005,0.20893,5.429079028968549,0.031,-0.718,20239384576.0
2026-08-30,ESS,43.696922,3.4292374,9.883554,20.418,0.053323851695143094,0.0771,0.68771005,0.20893,5.429079028968549,0.031,-0.718,19577106432.0
2026-08-25,ETN,41.658512,7.8368845,5.286333,27.023,0.019568923234462,0.19684,0.36022,0.12752,3.107546306539695,0.214,-0.159,158727438336.0
2026-08-30,ETN,40.974567,7.723934,5.2088013,26.678,0.019860202115240252,0.19684,0.36022,0.12752,3.107546306539695,0.214,-0.159,156399468544.0
2026-08-25,ETR,26.714647,2.7080507,3.6614833,14.526,-0.0891494549156989,0.10248999,0.47000998,0.13329001,5.556477257514942,0.059,-0.019,49364946944.0
2026-08-30,ETR,27.046036,2.707027,3.6600988,14.523,-0.08918317613247372,0.10248999,0.47000998,0.13329001,5.556477257514942,0.059,-0.019,49346281472.0
2026-08-25,EVRG,20.55303,1.8355886,3.0794501,12.426,-0.0769142737687517,0.092539996,0.52696997,0.15192,5.800662094946046,0.044,0.23,18765860864.0
2026-08-30,EVRG,20.679487,1.8188994,3.051452,12.366,-0.07761999339626341,0.092539996,0.52696997,0.15192,5.800662094946046,0.044,0.23,18595241984.0
2026-08-25,EW,53.550293,4.9144716,8.010103,24.4,0.0236256394577319,0.09175,0.77839,0.15431,-1.776993141025641,0.136,-0.254,52164198400.0
2026-08-30,EW,53.69643,4.8987236,7.976125,24.317,0.02372628717498795,0.09175,0.77839,0.15431,-1.776993141025641,0.136,-0.254,51942916096.0
2026-08-25,EXC,16.123636,1.5411887,1.8037376,11.566,-0.0587793202542882,0.09711,0.42363998,0.10989001,6.087372909249025,0.099,-0.002,45681459200.0
2026-08-30,EXC,16.150736,1.5269377,1.787059,11.515,-0.059327909383655876,0.09711,0.42363998,0.10989001,6.087372909249025,0.099,-0.002,45259055104.0
2026-08-25,EXE,8.282889,1.1630547,1.7617918,3.774,0.0657488794010639,0.14893,0.47069,0.2197,0.4560333327162822,-0.106,-0.455,22300760064.0
2026-08-30,EXE,8.462069,1.1851496,1.855167,3.837,0.062439572205665296,0.14893,0.47069,0.2197,0.45603333271628227,-0.106,-0.455,23482703872.0
2026-08-25,EXPD,27.340612,11.526849,2.028592,18.956,0.0326653706950284,0.4267,0.13549,0.07634,-0.3673006632589084,0.321,0.515,24416139264.0
2026-08-30,EXPD,27.797672,11.719546,2.0625048,19.279,0.03212827457080523,0.4267,0.13549,0.07634,-0.3673006632589084,0.321,0.515,24824309760.0
2026-08-25,EXPE,20.24627,33.66005,2.5925152,14.023,0.0843775167601191,0.89489,0.90433,0.12968001,-0.4972319223687495,0.14,1.887,40702488576.0
2026-08-30,EXPE,20.706474,32.69876,2.5184186,13.621,0.08686006298690227,0.89489,0.90433,0.12968001,-0.4972319223687495,0.14,1.887,39539171328.0
2026-08-25,EXR,32.356194,2.3306031,9.193019,19.707,0.0464542192156285,0.06953,0.74919,0.2728,5.936857794971012,0.038,0.06,32277747712.0
2026-08-30,EXR,31.54746,2.2773776,8.983072,19.401,0.04753991770755117,0.06953,0.74919,0.2728,5.936857794971012,0.038,0.06,31540600832.0
2026-08-25,F,7.280615,1.5550346,0.29550633,25.744,-0.1429459707900353,-0.18252,0.07115,-0.03935,18.47128170960174,-0.038,,55547211776.0
2026-08-30,F,7.254482,1.549453,0.29444566,25.718,-0.14346090893765207,-0.18252,0.07115,-0.03935,18.47128170960174,-0.038,,55347830784.0
2026-08-25,FANG,40.156254,1.5220274,3.5433326,6.435,0.0874642875716943,0.034930002,0.72353995,0.09029,1.0315789371888122,0.525,1.795,57572069376.0
2026-08-30,FANG,37.579845,1.4633226,3.4224029,6.247,0.09055481789634735,0.034930002,0.72353995,0.09029,1.0315789371888122,0.525,1.795,55607201792.0
2026-08-25,FAST,43.82906,14.461365,6.725453,30.225,0.0155687924992614,0.34334,0.44701,0.15454,0.1211439075681152,0.147,0.146,58843676672.0
2026-08-30,FAST,42.54701,14.038353,6.5287256,29.344,0.01603792024161069,0.34334,0.44701,0.15454,0.12114390756811529,0.147,0.146,57122430976.0
2026-08-25,FCX,37.584545,5.5559525,4.3189335,13.619,0.0193269603738389,0.14755,0.38275,0.113850005,0.6572116546078178,-0.073,0.281,111722168320.0
2026-08-30,FCX,37.47549,5.459544,4.2439904,13.416,0.019668248315407352,0.14755,0.38275,0.113850005,0.6572116546078178,-0.073,0.281,109783539712.0
2026-08-25,FDS,19.761166,5.3747973,4.4530244,13.002,0.0572049915975262,0.27032,0.51382,0.2321,1.35801500229669,0.064,-0.096,10858516480.0
2026-08-30,FDS,20.367832,5.439406,4.5065517,13.142,0.05652552451729425,0.27032,0.51382,0.2321,1.3580150022966901,0.064,-0.096,10989041664.0
2026-08-25,FDX,17.517042,2.533311,0.83466804,9.154,0.071548731101274,0.14846,0.27318,0.0468,2.4816785784624886,0.125,-0.043,79059755008.0
2026-08-30,FDX,17.827587,2.509271,0.8267474,9.091,0.07223419954688995,0.14846,0.27318,0.0468,2.4816785784624886,0.125,-0.043,78309515264.0
2026-08-25,FDXF,31.329357,-39.49158,2.2316368,26.028,-0.0260416057988967,0.69093,0.29278,0.07447,6.182002216380182,0.048,-0.611,19627245568.0
2026-08-30,FDXF,30.468035,-40.147415,2.2686973,26.357,-0.02561620052613374,0.69093,0.29278,0.07447,6.182002216380182,0.048,-0.611,19953192960.0
2026-08-25,FE,97.020836,2.083296,1.7234116,10.579,-0.0747617694632775,0.09491,0.68605006,0.06939,5.33382485379388,0.088,0.083,26947262464.0
2026-08-30,FE,24.53476,2.0524292,1.6972642,10.505,-0.0759135190235321,0.09491,0.68605006,0.06939,5.33382485379388,0.088,0.083,26538422272.0
2026-08-25,FERG,23.859737,7.376614,1.4546081,16.997,,,0.30633,0.063200004,2.1005667291201298,0.046,0.069,45741895680.0
2026-08-30,FERG,22.940763,7.1282835,1.4056392,16.496,,,0.30633,0.063200004,2.1005667291201298,0.046,0.069,44202012672.0
2026-08-25,FFIV,30.666668,5.5863585,6.4858913,21.781,0.0334111333260117,0.1983,0.81865996,0.21952999,-1.4658249244019304,0.109,0.114,21463967744.0
2026-08-30,FFIV,31.438597,5.8103786,6.745984,22.713,0.03212296021744593,0.1983,0.81865996,0.21952999,-1.4658249244019304,0.109,0.114,22324701184.0
2026-08-25,FICO,33.897125,-6.148364,10.524627,24.174,0.0307410838794006,,0.851,0.3405,4.2343821665808346,0.257,0.412,25191483392.0
2026-08-30,FICO,33.446503,-6.080734,10.408858,23.955,0.031082989641951577,,0.851,0.3405,4.2343821665808346,0.257,0.412,24914382848.0
2026-08-25,FIS,6.3496933,1.3320036,1.7500186,11.88,0.1242668405449828,0.22348,0.35836,0.27648002,5.820658197502838,0.291,,21350225920.0
2026-08-30,FIS,6.231579,1.3332905,1.7556944,11.886,0.12386511033944288,0.22348,0.35836,0.27648002,5.820658197502838,0.291,,21419470848.0
2026-08-25,FISV,10.145594,1.0452563,,,,,,,,,,28162365440.0
2026-08-30,FISV,10.071969,1.0495983,,,,,,,,,,28279353344.0
2026-08-25,FITB,18.42282,1.5408796,4.931987,,,0.08438,0.0,0.23239,,0.518,-0.057,49788403712.0
2026-08-30,FITB,18.363636,1.5307754,4.897919,,,0.08438,0.0,0.23239,,0.518,-0.057,49444491264.0
2026-08-25,FIX,39.686634,87.69763,5.0455856,29.369,0.032512829472598,0.55292,0.25661,0.12775,0.1165334126887647,0.01,0.388,56651956224.0
2026-08-30,FIX,39.68461,82.742035,4.760471,27.716,0.03446009125418992,0.55292,0.25661,0.12775,0.11653341268876476,0.01,0.388,53450682368.0
2026-08-25,FLEX,42.66,7.162525,1.3461177,20.013,0.0158832591731277,0.18378,0.0953,0.03325,1.4554874134944915,0.206,0.52,39396827136.0
2026-08-30,FLEX,42.664093,7.4210877,1.3947117,20.683,0.015329860781852903,0.18378,0.0953,0.03325,1.4554874134944915,0.206,0.52,40819027968.0
2026-08-25,FOX,16.039062,2.2224228,1.5091821,7.572,0.0214876410828954,0.14291,0.36629,0.09839,0.8663060728715037,0.281,0.031,25846251520.0
2026-08-30,FOX,15.723077,2.21268,1.5053852,7.543,0.02154183774557852,0.14291,0.36629,0.09839,0.8663060728715037,0.281,0.031,25781225472.0
2026-08-25,FOXA,18.023438,2.4973838,1.6959002,8.396,0.0191218577139982,0.14291,0.36629,0.09839,0.8663060728715037,0.281,0.031,29043986432.0
2026-08-30,FOXA,17.817709,2.4688773,1.6796877,8.311,0.019306423829885393,0.14291,0.36629,0.09839,0.8663060728715037,0.281,0.031,28766330880.0
2026-08-25,FRT,23.60241,3.1866615,7.6943045,18.339,0.0443923051590804,0.12550999,0.68136,0.32663,5.65421922766447,0.072,-0.456,10275150848.0
2026-08-30,FRT,23.58586,3.1652434,7.598883,18.257,0.044949750809444224,0.12550999,0.68136,0.32663,5.65421922766447,0.072,-0.456,10147723264.0
2026-08-25,FSLR,13.209257,2.1691954,4.162651,8.741,0.0714111989222011,0.18509,0.44015998,0.32465,-0.6425055314304132,-0.037,0.233,22387032064.0
2026-08-30,FSLR,12.613203,2.1291041,4.0857167,8.567,0.07275587400404394,0.18509,0.44015998,0.32465,-0.6425055314304132,-0.037,0.233,21973274624.0
2026-08-25,FTNT,54.282146,71.89688,14.81483,41.609,0.0203160456861133,1.17442,0.80204004,0.28173,-1.3514908365454144,0.256,0.439,111517147136.0
2026-08-30,FTNT,61.02941,78.524124,16.180416,45.569,0.018601421531446657,1.17442,0.80204004,0.28173,-1.3514908365454144,0.256,0.439,121796468736.0
2026-08-25,FTV,31.821053,3.0187738,4.230954,17.409,0.0514301752682146,0.07318,0.6323,0.12382,2.611291215877724,0.079,0.04,18259951616.0
2026-08-30,FTV,31.58201,2.9803276,4.2164035,17.22,0.0516076592380541,0.07318,0.6323,0.12382,2.6112912158777237,0.079,0.04,18197153792.0
2026-08-25,GD,23.414886,3.864753,1.8926327,16.406,0.0423774618886605,0.17803,0.15375,0.08179,0.7758178684836942,0.081,0.134,103831724032.0
2026-08-30,GD,23.143381,3.8199396,1.8706869,16.225,0.04287461000740593,0.17803,0.15375,0.08179,0.7758178684836942,0.081,0.134,102627753984.0
2026-08-25,GDDY,14.421807,1896.6038,2.4941964,11.145,0.0946496986507594,4.42861,0.63802,0.17834999,1.9136330482432813,0.066,0.298,12730627072.0
2026-08-30,GDDY,14.410028,1843.3962,2.424224,10.886,0.09738165595879399,4.42861,0.63802,0.17834999,1.9136330482432813,0.066,0.298,12373480448.0
2026-08-25,GE,41.13598,20.107054,7.004095,31.803,0.0185931489910463,0.48231998,0.31051,0.17716,0.8956719390376219,0.211,0.194,354680373248.0
2026-08-30,GE,40.303528,20.15058,7.019257,31.87,0.018552986796303673,0.48231998,0.31051,0.17716,0.8956719390376219,0.211,0.194,355448160256.0
2026-08-25,GEHC,17.253489,3.0533378,1.5757831,11.751,0.0469440971755159,0.19376,0.39528,0.093339995,2.355134919768615,0.058,0.168,33510602752.0
2026-08-30,GEHC,16.526497,2.951889,1.5342383,11.44,0.04821526940802414,0.19376,0.39528,0.093339995,2.355134919768615,0.058,0.168,32627111936.0
2026-08-25,GEN,16.92442,6.5651784,3.4307673,10.402,0.0887883369713769,0.41944,0.78007007,0.20732,3.171369463043689,0.063,0.64,17424867328.0
2026-08-30,GEN,17.827587,6.9959407,3.6558712,10.876,0.08332135240003048,0.41944,0.78007007,0.20732,3.1713694630436895,0.063,0.64,18568169472.0
2026-08-25,GEV,27.39459,20.984518,6.065532,61.897,0.0626597015274276,0.82577,0.2057,0.23035,-2.29182578388672,0.219,0.328,250912866304.0
2026-08-30,GEV,26.174799,20.312506,5.8712883,59.851,0.0647327157971653,0.82577,0.2057,0.23035,-2.29182578388672,0.219,0.328,242877579264.0
2026-08-25,GILD,14.833775,15.394462,5.97403,13.919,0.0536895812491389,-0.2068,0.79603994,-0.10637999,1.4631875119268545,0.102,,181951037440.0
2026-08-30,GILD,14.72662,15.283257,5.9308753,13.829,0.05408024485208278,-0.2068,0.79603994,-0.10637999,1.4631875119268545,0.102,,180636663808.0
2026-08-25,GIS,12.743693,3.9520955,1.1873819,7.247,0.105521600666982,-0.01028,0.33733,-0.00475,-0.1156655844155844,0.022,-0.145,21877037056.0
2026-08-30,GIS,12.939894,4.012942,1.2056627,7.355,0.10392163614652618,-0.01028,0.33733,-0.00475,-0.11566558441558442,0.022,-0.145,22213853184.0
2026-08-25,GL,11.375164,2.167105,2.148746,9.687,0.0874489373638076,0.20944999,0.33905998,0.19577,1.7686857312451751,0.08,0.197,13304945664.0
2026-08-30,GL,11.682894,2.162849,2.144526,9.671,0.08762102188123887,0.20944999,0.33905998,0.19577,1.7686857312451751,0.08,0.197,13278815232.0
2026-08-25,GLW,68.98105,10.49917,7.3906555,32.513,0.0058584208071769,0.16813,0.36395,0.111999996,1.6829866408105618,0.166,0.185,125375078400.0
2026-08-30,GLW,70.27359,10.746592,7.549448,33.237,0.005735196657119374,0.16813,0.36395,0.111999996,1.6829866408105618,0.166,0.185,128068837376.0
2026-08-25,GM,39.18018,1.2303385,0.4240287,11.057,0.2788099048095874,0.03164,0.10177,0.01051,6.320799254947011,0.019,-0.262,78669193216.0
2026-08-30,GM,38.51339,1.2202953,0.42056742,11.019,0.28110451113642054,0.03164,0.10177,0.01051,6.320799254947011,0.019,-0.262,78027030528.0
2026-08-25,GNRC,47.33953,4.173963,2.7060285,20.669,0.0240653116642294,0.09491,0.39539,0.05817,1.7902757056200138,0.106,0.92,12011334656.0
2026-08-30,GNRC,42.155964,3.7687876,2.4433188,18.837,0.02665285280442396,0.09491,0.39539,0.05817,1.7902757056200138,0.106,0.92,10845237248.0
2026-08-25,GOOG,17.298695,6.770473,9.451973,23.739,0.0053781007584194,0.48676,0.60897,0.54771,-0.7027037421946938,0.242,2.94,4214313189376.0
2026-08-30,GOOG,16.949085,6.7368755,9.405068,23.618,0.005404922084928052,0.48676,0.60897,0.54771,-0.7027037421946938,0.242,2.94,4193400127488.0
2026-08-25,GOOGL,17.464125,6.838651,9.547153,23.984,0.0053244834200392,0.48676,0.60897,0.54771,-0.7027037421946938,0.242,2.94,4256751157248.0
2026-08-30,GOOGL,17.090237,6.8097687,9.506832,23.88,0.005347066389589723,0.48676,0.60897,0.54771,-0.7027037421946938,0.242,2.94,4238773059584.0
2026-08-25,GPC,521.88464,4.132984,0.7461126,12.091,0.0490341415074116,0.0070700003,0.37564,0.00131,2.9687755755424665,0.06,-0.098,18706190336.0
2026-08-30,GPC,550.04,4.1884193,0.75612015,12.213,0.04838515543958047,0.0070700003,0.37564,0.00131,2.9687755755424665,0.06,-0.098,18957094912.0
2026-08-25,GPN,44.2723,1.0846062,2.444806,9.808,0.3152968036904441,0.02428,0.63959,-0.091529995,4.048658409441881,0.686,-0.952,24953513984.0
2026-08-30,GPN,43.51659,1.056082,2.3805099,9.661,0.323812788817434,0.02428,0.63959,-0.091529995,4.048658409441881,0.686,-0.952,24297259008.0
2026-08-25,GRMN,30.401878,6.222759,7.321744,23.245,0.0185808751517268,0.21886998,0.60081,0.24471001,-1.055318150576,0.114,0.353,56168304640.0
2026-08-30,GRMN,29.401031,6.0932827,7.1695375,22.739,0.018975339891297936,0.21886998,0.60081,0.24471001,-1.0553181505759999,0.114,0.353,55000662016.0
2026-08-25,GS,16.004324,2.8622644,4.4655185,,,0.16902,0.82075995,0.31039,,0.425,0.923,301735084032.0
2026-08-30,GS,16.078215,2.8559394,4.455651,,,0.16902,0.82075995,0.31039,,0.425,0.923,301068320768.0
2026-08-25,GWW,33.448887,15.071945,3.3039396,20.166,0.0200400759292366,0.46091,0.39395002,0.09923001,0.686567144278607,0.103,0.205,62262738944.0
2026-08-30,GWW,33.667526,14.894078,3.2727249,19.937,0.020231214100767798,0.46091,0.39395002,0.09923001,0.686567144278607,0.103,0.205,61674500096.0
2026-08-25,HAL,18.518717,2.6232862,1.2895591,8.467,0.0711319601517708,0.14917,0.15076,0.0716,1.486107747979972,0.037,0.161,28851306496.0
2026-08-30,HAL,18.94241,2.7407014,1.350945,8.779,0.06789978334005278,0.14917,0.15076,0.0716,1.486107747979972,0.037,0.161,30224691200.0
2026-08-25,HAS,16.65096,19.112581,2.7059143,12.292,0.051136755779505,1.5956,0.63822,0.15968001,1.9227812052438065,0.162,,13457052672.0
2026-08-30,HAS,16.766905,18.876202,2.6724484,12.164,0.05177711957535491,1.5956,0.63822,0.15968001,1.9227812052438065,0.162,,13290619904.0
2026-08-25,HBAN,13.107694,1.1575302,3.7515388,,,0.09002,0.0,0.26131,,0.476,-0.029,34427871232.0
2026-08-30,HBAN,13.015386,1.1493784,3.725119,,,0.09002,0.0,0.26131,,0.476,-0.029,34185418752.0
2026-08-25,HCA,14.389541,-14.085912,1.1912259,9.322,0.0402246918868782,,0.42580003,0.08768,3.202006796428388,0.087,0.116,92931104768.0
2026-08-30,HCA,14.063279,-13.711155,1.188124,9.165,0.04032971005398429,,0.42580003,0.08768,3.202006796428388,0.087,0.116,92689113088.0
2026-08-25,HD,23.481558,20.184843,,15.627,,1.0429599,0.33206,0.0841,2.387478688730277,0.057,0.046,
2026-08-30,HD,23.09021,19.831232,1.947245,15.844,0.0326707311954123,1.0429599,0.32801,0.0841,2.479024752566564,0.057,0.046,329427124224.0
2026-08-25,HIG,9.598066,1.9560596,1.2841818,6.869,0.1462978955086609,0.22061001,0.37868,0.1489,0.0703544477274202,0.081,0.361,37645791232.0
2026-08-30,HIG,9.515797,1.9500077,1.2802087,6.849,0.14675193734064682,0.22061001,0.37868,0.1489,0.07035444772742021,0.081,0.361,37529317376.0
2026-08-25,HII,17.759493,2.1855528,0.88052917,12.421,-0.0258618214690086,0.12968001,0.124,0.05013,2.498290652991453,0.109,0.365,11609777152.0
2026-08-30,HII,17.5125,2.1824372,0.87927395,12.407,-0.025898740459643594,0.12968001,0.124,0.05013,2.498290652991453,0.109,0.365,11593227264.0
2026-08-25,HLT,48.045124,-11.819029,14.554698,28.282,0.0187633315281356,,0.79036003,0.31034002,4.214378259067358,0.025,0.141,74287177728.0
2026-08-30,HLT,47.19208,-11.52469,14.192231,27.683,0.019242543759206327,,0.79036003,0.31034002,4.214378259067358,0.025,0.141,72437145600.0
2026-08-25,HON,8.298687,3.6720982,1.7886119,11.061,0.0383488385324318,0.46577,0.36511,0.21581,3.026198496240601,0.043,2.639,68069203968.0
2026-08-30,HON,8.362692,3.7175782,1.8107643,11.16,0.03787968856561011,0.46577,0.36511,0.21581,3.0261984962406014,0.043,2.639,68912259072.0
2026-08-25,HONA,49.14634,-8.96851,2.8519552,18.728,,,0.34535,0.10862,4.265687037311459,0.054,-0.709,51092779008.0
2026-08-30,HONA,49.05438,-9.033604,2.872655,18.833,,,0.34535,0.10862,4.265687037311459,0.054,-0.709,51463614464.0
2026-08-25,HOOD,47.751152,9.826458,18.88948,,,0.23618999,0.9189,0.42011002,,0.323,0.476,93162913792.0
2026-08-30,HOOD,48.493023,9.887151,19.00615,,,0.23618999,0.9189,0.42011002,,0.323,0.476,93738319872.0
2026-08-25,HPE,48.999996,2.743159,1.7896582,15.184,0.0552514878295788,0.06315,0.33776,0.040110003,2.843544676613948,0.4,,69427994624.0
2026-08-30,HPE,48.887848,2.7368805,1.7855619,15.156,0.05537823883631619,0.06315,0.33776,0.040110003,2.843544676613948,0.4,,69269086208.0
2026-08-25,HPQ,10.585185,-182.03821,,7.067,,,0.20315,0.044460002,1.5197368285229202,0.09,0.162,
2026-08-30,HPQ,11.648855,-305.2,0.4652084,7.268,0.12316668885366915,,0.1966,0.04143,1.3308887064910464,0.125,-0.113,27522660352.0
2026-08-25,HRL,28.011627,1.6677052,,10.337,,0.05831,0.15783,0.03821,-0.25916572172405,-0.029,-0.051,
2026-08-30,HRL,34.79032,1.511245,0.9772909,9.128,0.05235853377749262,0.042930003,0.15741,0.028210001,-0.2563481548440082,-0.029,-0.051,11871066112.0
2026-08-25,HSIC,25.79539,3.173101,0.73339075,14.072,0.0447091768053018,0.088549994,0.31319,0.02963,3.385185125925926,0.067,0.171,9975580672.0
2026-08-30,HSIC,26.32941,3.1734552,0.74973,14.073,0.04373480492058494,0.088549994,0.31319,0.02963,3.385185125925926,0.067,0.171,10197827584.0
2026-08-25,HST,15.563759,2.4865966,2.584329,11.687,0.1050466048929162,0.15558,0.29195,0.16474001,2.1781711602342453,0.036,0.084,16110706688.0
2026-08-30,HST,14.95302,2.38902,2.4829173,11.32,0.10933710176995103,0.15558,0.29195,0.16474001,2.1781711602342453,0.036,0.084,15478506496.0
2026-08-25,HSY,25.461126,8.364085,3.1374629,15.908,0.0456882022592502,0.32808998,0.38377,0.12242,1.885680925364621,0.066,6.31,38163820544.0
2026-08-30,HSY,24.76487,7.8845396,2.9575799,15.104,0.04846700254692513,0.32808998,0.38377,0.12242,1.885680925364621,0.066,6.31,35975741440.0
2026-08-25,HUBB,27.849642,6.3039045,3.962358,19.685,0.0201058337894109,0.24444,0.35338002,0.14491999,3.4060704051506083,0.153,-0.009,24660131840.0
2026-08-30,HUBB,27.858183,6.2080145,3.9027655,19.438,0.020412836332606127,0.24444,0.35338002,0.14491999,3.4060704051506083,0.153,-0.009,24289251328.0
2026-08-25,HUM,35.8304,2.4162972,0.3186749,10.39,0.0418100492198548,0.06893,0.13653,0.00878,-2.5380979043381533,0.262,0.271,46424244224.0
2026-08-30,HUM,37.178402,2.4096098,0.31779295,10.354,0.04192608347793036,0.06893,0.13653,0.00878,-2.5380979043381533,0.262,0.271,46295760896.0
2026-08-25,HWM,58.508892,18.373343,11.5169935,39.048,0.0113320961838308,0.34732,0.36032,0.20522,1.4677881846373972,0.241,0.33,105000427520.0
2026-08-30,HWM,57.827515,18.482206,11.585232,39.271,0.011265349255253356,0.34732,0.36032,0.20522,1.4677881846373972,0.241,0.33,105622552576.0
2026-08-25,IBKR,37.36948,7.1014276,23.195324,,,0.24018998,0.93036,0.16474001,,0.263,0.353,158540038144.0
2026-08-30,IBKR,38.031746,7.3143554,23.89081,,,0.24018998,0.93036,0.16474001,,0.263,0.353,163293675520.0
2026-08-25,IBM,20.927536,6.318092,3.150311,16.688,0.0553576956858521,0.34460998,0.58098,0.15522,3.4687064280942885,0.011,-0.018,217670729728.0
2026-08-30,IBM,20.922735,6.4425178,3.2123518,16.948,0.054288561103406775,0.34460998,0.58098,0.15522,3.4687064280942885,0.011,-0.018,221957439488.0
2026-08-25,ICE,22.956339,3.1295483,8.6665745,16.542,0.0397110157534172,0.14094,1.0,0.38246,2.8984211979442827,0.048,0.142,91501690880.0
2026-08-30,ICE,22.735294,3.1168756,8.63148,16.487,0.03987247413570697,0.14094,1.0,0.38246,2.8984211979442827,0.048,0.142,91131166720.0
2026-08-25,IDXX,39.07193,27.366594,9.680797,27.735,0.0206305039724267,0.74211,0.62446,0.25030002,0.5544529525990705,0.097,0.176,44078825472.0
2026-08-30,IDXX,39.056297,27.145512,9.615008,27.516,0.020771662998325273,0.74211,0.62446,0.25030002,0.5544529525990705,0.097,0.176,43779276800.0
2026-08-25,IEX,33.57615,4.3146486,4.8050656,19.108,0.0322512954838464,0.12955,0.4473,0.1449,1.306396719856045,0.064,0.109,17227601920.0
2026-08-30,IEX,33.666664,4.2516894,4.73495,18.848,0.03272887458494782,0.12955,0.4473,0.1449,1.3063967198560453,0.064,0.109,16976217088.0
2026-08-25,IFF,21.692362,1.5675063,2.0308337,14.462,-0.0786045055887237,-0.05548,0.36583,0.02569,2.9879643499582844,0.018,-0.916,21894418432.0
2026-08-30,IFF,22.233345,1.606598,2.0827327,14.748,-0.07664578772506489,-0.05548,0.36583,0.02569,2.9879643499582844,0.018,-0.916,22453940224.0
2026-08-25,INCY,16.303185,4.0541053,4.4576206,11.04,0.0455130034586942,0.30667,0.55659,0.27706,-2.315524324154229,0.377,0.377,25941258240.0
2026-08-30,INCY,15.843312,3.939749,4.331882,10.664,0.046834079582690695,0.30667,0.55659,0.27706,-2.315524324154229,0.377,0.377,25209518080.0
2026-08-25,INTC,42.771786,5.0267878,8.087837,28.299,0.0105500515408184,-0.10715,0.38873002,-0.19794,1.2357482789016103,0.254,,461265534976.0
2026-08-30,INTC,43.855053,5.154099,8.292675,28.961,0.010289454729858656,-0.10715,0.38873002,-0.19794,1.2357482789016103,0.254,,472947818496.0
2026-08-25,INTU,22.556099,4.9181685,4.8356895,15.804,0.0517063461061269,0.22496,0.80793,0.21907,0.0187206693285874,0.104,0.107,101186805760.0
2026-08-30,INTU,21.740135,4.7604866,4.566517,14.386,0.06573872271324009,0.23596,0.80982,0.21289,0.1658636312768685,0.137,-0.008,97942650880.0
2026-08-25,INVH,27.944952,1.986824,6.353403,17.663,0.0645933491254428,0.070539996,0.56262,0.23197001,5.647137619053388,0.101,0.605,18094518272.0
2026-08-30,INVH,26.825687,1.9072467,6.0989337,17.183,0.06728841526494274,0.070539996,0.56262,0.23197001,5.647137619053388,0.101,0.605,17369788416.0
2026-08-25,IP,13.726671,1.5033518,0.8979692,7.857,0.0757584525810387,-0.16479,0.29608,-0.14205,2.3327400237440967,-0.022,,21733548032.0
2026-08-30,IP,13.148037,1.4399796,0.86011624,7.624,0.07909251247178606,-0.16479,0.29608,-0.14205,2.3327400237440967,-0.022,,20817393664.0
2026-08-25,IQV,130.12,6.9413986,2.5222576,18.747,0.0501861764892063,0.22818,0.32968,0.08096,4.650590404199475,0.087,-0.006,42835501056.0
2026-08-30,IQV,32.55597,6.9816756,2.536893,18.828,0.04989665536189483,0.22818,0.32968,0.08096,4.650590404199475,0.087,-0.006,43084050432.0
2026-08-25,IR,33.05372,3.0494452,3.9077427,17.286,0.0356818657079793,0.0947,0.42821,0.12076,1.848910383101637,0.085,,31036073984.0
2026-08-30,IR,32.471073,2.995692,3.8388603,17.015,0.03632212191610178,0.0947,0.42821,0.12076,1.848910383101637,0.085,,30488995840.0
2026-08-25,IRM,85.34508,-28.164072,4.770743,22.034,-0.0120873163639827,,0.5421,0.055359997,7.739014548071003,0.185,,36078604288.0
2026-08-30,IRM,86.96296,-27.28329,4.6215467,21.592,-0.01247752823489993,,0.5421,0.055359997,7.739014548071003,0.185,,34950311936.0
2026-08-25,ISRG,43.48894,7.276676,12.129517,30.35,0.0195394662588924,0.17423001,0.66679,0.28445998,-1.247655996938385,0.185,0.265,133841936384.0
2026-08-30,ISRG,42.006767,7.2577815,12.098021,30.268,0.019590335025742676,0.17423001,0.66679,0.28445998,-1.247655996938385,0.185,0.265,133494398976.0
2026-08-25,IT,17.60243,-78.052345,1.9811401,10.583,0.0821963534999453,1.13581,0.69629997,0.11996,1.3301456834786891,-0.006,0.331,12805349376.0
2026-08-30,IT,17.824797,-76.36259,1.9382502,10.383,0.0840152081855102,1.13581,0.69629997,0.11996,1.3301456834786893,-0.006,0.331,12528124928.0
2026-08-25,ITW,25.72011,28.099953,4.910375,18.669,0.0300857058561342,1.04618,0.44162,0.19393998,1.842488533533389,0.061,0.101,80868966400.0
2026-08-30,ITW,25.51002,27.718952,4.8437963,18.441,0.03049923766555499,1.04618,0.44162,0.19393998,1.842488533533389,0.061,0.101,79772483584.0
2026-08-25,IVZ,9.949929,1.4381953,2.0755768,12.835,0.0796268492483714,-0.0057300003,0.2952,-0.00934,0.4904485049833887,0.205,0.88,14326668288.0
2026-08-30,IVZ,10.0756445,1.4563667,2.1018012,12.96,0.07863333314275844,-0.0057300003,0.2952,-0.00934,0.4904485049833887,0.205,0.88,14507682816.0
2026-08-25,J,49.7082,5.4398994,1.2479045,19.504,0.0363880594995113,0.07998,0.22067,0.0238,2.721801834000954,0.345,-0.254,17744224256.0
2026-08-30,J,49.99342,5.453175,1.2620901,19.545,0.03597906734848383,0.07998,0.22067,0.0238,2.721801834000954,0.345,-0.254,17945931776.0
2026-08-25,JBHT,39.256798,6.6736856,1.9215825,15.416,0.0369993294198044,0.18448,0.18505,0.05311,0.8358452949125253,0.194,0.458,24406614016.0
2026-08-30,JBHT,37.18376,6.7032175,1.9297786,15.48,0.036842185905007825,0.18448,0.18505,0.05311,0.8358452949125253,0.194,0.458,24510715904.0
2026-08-25,JBL,39.239384,24.157358,0.95113236,14.408,0.0379242719378897,0.65876,0.092259996,0.02566,1.0775970517172346,0.118,0.276,31948535808.0
2026-08-30,JBL,37.728413,23.884796,0.940401,14.257,0.038357043780604366,0.65876,0.092259996,0.02566,1.0775970517172346,0.118,0.276,31588069376.0
2026-08-25,JCI,40.278873,6.4244957,3.465292,22.077,0.0344527600044528,0.14332,0.36651,0.14319,2.0425433359148397,0.093,0.153,86614974464.0
2026-08-30,JCI,39.997135,6.2717347,3.3828945,21.601,0.0352919295833733,0.14332,0.36651,0.14319,2.0425433359148393,0.093,0.153,84555448320.0
2026-08-25,JKHY,23.814245,5.687648,4.7615,14.309,,0.23572999,0.43897998,0.19760999,0.1357230337791624,0.047,-0.102,12114869248.0
2026-08-30,JKHY,24.316618,5.6616297,4.739718,14.244,,0.23572999,0.43897998,0.19760999,0.13572303377916242,0.047,-0.102,12059449344.0
2026-08-25,JNJ,31.347878,7.738352,6.71914,19.68,0.0256613360128116,0.25742,0.6814,0.21482,0.8109085010557137,0.066,-0.009,657998675968.0
2026-08-30,JNJ,31.059097,7.5966444,6.5960975,19.334,0.026140019082011967,0.25742,0.6814,0.21482,0.8109085010557137,0.066,-0.009,645949227008.0
2026-08-25,JPM,15.062976,2.6794832,5.084319,,,0.17789,0.0,0.34921002,,0.304,0.469,947351060480.0
2026-08-30,JPM,15.315631,2.6887305,5.101866,,,0.17789,0.0,0.34921002,,0.304,0.469,950620520448.0
2026-08-25,KDP,32.51,1.7673279,2.2021132,17.653,0.1041411190058301,0.051,0.50956,0.07103,6.657374679826924,0.756,-0.9,44240449536.0
2026-08-30,KDP,32.50505,1.7493883,2.1797602,17.559,0.10520905871200341,0.051,0.50956,0.07103,6.6573746798269235,0.756,-0.9,43791380480.0
2026-08-25,KEY,12.789474,1.3553545,3.166206,,,0.1033,0.0,0.2754,,0.101,0.253,23338102784.0
2026-08-30,KEY,12.812865,1.3578334,3.1719968,,,0.1033,0.0,0.2754,,0.101,0.253,23380787200.0
2026-08-25,KEYS,41.981083,8.379005,8.03789,29.668,0.0363549852911312,0.20897,0.64692,0.19143,0.0788590246085011,0.365,1.091,52905398272.0
2026-08-30,KEYS,44.073,8.630111,8.278774,30.555,0.03529718394264942,0.20897,0.64692,0.19143,0.07885902460850112,0.365,1.091,54490890240.0
2026-08-25,KHC,12.269499,0.8455483,1.2224938,8.535,0.1067835043403469,-0.0876,0.33498,-0.13639,2.9710539649658907,-0.014,,30440095744.0
2026-08-30,KHC,12.283838,0.8465365,1.2239226,8.542,0.10665885050157926,-0.0876,0.33498,-0.13639,2.9710539649658907,-0.014,,30475671552.0
2026-08-25,KIM,27.839079,1.5813528,7.4282227,18.437,0.0536412420725412,0.05806,0.68933,0.27759,6.12291398662384,0.049,-0.058,16246517760.0
2026-08-30,KIM,27.651163,1.5526247,7.2932763,18.216,0.05463375666152592,0.05806,0.68933,0.27759,6.12291398662384,0.049,-0.058,15951372288.0
2026-08-25,KKR,34.619354,3.4147894,3.836925,,,0.0728,0.54767,0.12201,,0.078,0.4,99119734784.0
2026-08-30,KKR,34.722042,3.4229922,3.885548,,,0.0728,0.54767,0.12201,,0.078,0.4,100375822336.0
2026-08-25,KLAC,50.296402,37.375465,17.469727,39.387,0.0110634853211327,0.87496,0.61301,0.35574,0.2063343570642209,0.152,0.138,237229719552.0
2026-08-30,KLAC,48.093147,36.134212,16.88955,38.086,0.011443529427963934,0.87496,0.61301,0.35574,0.2063343570642209,0.152,0.138,229351227392.0
2026-08-25,KMB,22.009882,21.164957,2.233707,12.28,0.0254088022190017,1.04913,0.37612998,0.1179,1.603849442874566,0.006,-0.323,37039329280.0
2026-08-30,KMB,21.650198,20.81908,2.1929843,12.106,0.025880630919584327,1.04913,0.37612998,0.1179,1.603849442874566,0.006,-0.323,36364066816.0
2026-08-25,KMI,59.615387,2.180488,3.8438036,13.44,0.0155727437276155,0.109910004,0.49407002,0.19305,4.234970762686888,0.108,0.212,69030871040.0
2026-08-30,KMI,20.36129,2.2198775,3.9097667,13.603,0.015310010858420754,0.109910004,0.49407002,0.19305,4.2349707626868875,0.108,0.212,70215499776.0
2026-08-25,KO,27.296736,10.949886,7.895459,25.053,0.0131856050313625,0.42054,0.61888003,0.28558,1.6407812376785502,0.067,0.169,395791466496.0
2026-08-30,KO,26.924927,10.67254,7.695477,24.463,0.013528259190933978,0.42054,0.61888003,0.28558,1.6407812376785502,0.067,0.169,385766555648.0
2026-08-25,KR,33.954025,6.385647,,8.47,,0.13779001,0.23979001,0.00708,2.638490106930693,0.022,0.132,
2026-08-30,KR,33.364162,6.2386513,0.23789565,8.336,0.0846812968758995,0.13779001,0.23979001,0.00708,2.638490106930693,0.022,0.132,35362000896.0
2026-08-25,KVUE,22.333334,3.5352986,2.4221592,12.877,0.0511111419635137,0.15581,0.58437,0.107609995,2.155415205385399,0.03,0.085,37320630272.0
2026-08-30,KVUE,22.55294,3.4879913,2.3897476,12.733,0.051804354563372304,0.15581,0.58437,0.107609995,2.155415205385399,0.03,0.085,36821229568.0
2026-08-25,L,13.674847,1.1917492,1.2187582,8.106,0.0553910417232222,0.09313,0.36290002,0.09024,0.7843680402222906,0.039,0.156,22783467520.0
2026-08-30,L,13.462578,1.1732501,1.19984,7.997,0.05626441224957325,0.09313,0.36290002,0.09024,0.7843680402222906,0.039,0.156,22429808640.0
2026-08-25,LDOS,13.208969,3.2876549,0.9851358,9.762,0.0660046383285041,0.27781,0.17795,0.07803,2.447522904583152,0.072,-0.067,17371885568.0
2026-08-30,LDOS,13.060352,3.3406167,1.0033448,9.88,0.06480676575663907,0.27781,0.17795,0.07803,2.447522904583152,0.072,-0.067,17692983296.0
2026-08-25,LEN,13.647059,0.9822732,0.6487205,11.277,0.0507562272518142,0.07368,0.16363001,0.04934,1.9214681472246815,-0.052,-0.315,21237315584.0
2026-08-30,LEN,13.531348,0.9618835,0.63525456,11.084,0.05183214412680843,0.07368,0.16363001,0.04934,1.9214681472246817,-0.052,-0.315,20796477440.0
2026-08-25,LH,28.114334,3.1896453,1.9180703,14.75,0.0324140497566144,0.11728,0.28882998,0.069860004,2.8800758167407308,0.058,0.282,27520473088.0
2026-08-30,LH,27.856192,3.1498852,1.8941609,14.603,0.03282320241367422,0.11728,0.28882998,0.069860004,2.8800758167407308,0.058,0.282,27177420800.0
2026-08-25,LHX,26.956923,2.5571847,3.8069997,30.373,,,0.30414,0.103690006,3.226933890027959,1.9,-0.061,48942788608.0
2026-08-30,LHX,26.520687,2.5570874,3.806855,30.371,,,0.30414,0.103690006,3.226933890027959,1.9,-0.061,48940929024.0
2026-08-25,LII,17.88884,10.63246,2.6014044,13.466,0.0201358772332867,0.71757007,0.33330002,0.14871,1.6848309121967886,0.03,0.001,13793166336.0
2026-08-30,LII,17.484001,10.480339,2.5641859,13.297,0.020428146206274485,0.71757007,0.33330002,0.14871,1.6848309121967886,0.03,0.001,13595825152.0
2026-08-25,LIN,31.452503,5.780155,6.372369,18.127,0.0184190290330025,0.18400998,0.48348,0.20435,1.6723340050601394,0.093,0.113,225894105088.0
2026-08-30,LIN,31.338669,5.7740216,6.3656073,18.11,0.018438594363026625,0.18400998,0.48348,0.20435,1.6723340050601394,0.093,0.113,225654407168.0
2026-08-25,LITE,25.146631,15.838706,24.706783,91.669,0.003017474494693,-2.40027,0.44244,-2.3009598,-1.3328337171841151,1.093,,74466246656.0
2026-08-30,LITE,27.110394,17.07559,26.636198,98.931,0.0027989013066903757,-2.40027,0.44244,-2.3009598,-1.3328337171841151,1.093,,80281501696.0
2026-08-25,LLY,42.197296,32.81222,13.957511,27.751,0.0099518940808909,1.02286,0.83399004,0.33528998,1.1019253075879267,0.477,0.262,1111939088384.0
2026-08-30,LLY,39.522545,30.909163,13.14233,26.206,0.010569181174712793,1.02286,0.83399004,0.33528998,1.1019253075879267,0.477,0.262,1046996910080.0
2026-08-25,LMT,20.786295,14.798279,1.6905797,15.18,0.0427242527958396,0.89165,0.11798,0.08163,1.7300619107438016,0.105,4.438,130198298624.0
2026-08-30,LMT,20.790928,14.79067,1.6897105,15.173,0.042746229251725006,0.89165,0.11798,0.08163,1.7300619107438016,0.105,4.438,130131361792.0
2026-08-25,LNT,21.651897,2.3562229,4.0054774,16.311,-0.064183110457854,0.11135,0.44502,0.18447,6.6118097535023646,0.01,-0.04,17740259328.0
2026-08-30,LNT,21.52848,2.342792,3.9826455,16.256,-0.0645510608555114,0.11135,0.44502,0.18447,6.6118097535023646,0.01,-0.04,17639137280.0
2026-08-25,LOW,18.279697,-16.367203,,12.518,,,0.33082,0.073460005,3.014755105390298,0.083,0.0,
2026-08-30,LOW,17.57179,-15.693596,1.2907742,12.223,0.03953980918015147,,0.32994,0.073460005,3.0527929763044033,0.083,0.0,116727291904.0
2026-08-25,LRCX,53.94261,31.119696,16.705868,44.746,0.0079626573909386,0.65066004,0.50469,0.31272,-0.1686784561827947,0.3,0.348,388122247168.0
2026-08-30,LRCX,52.322357,30.289957,16.26044,43.548,0.008180780673492448,0.65066004,0.50469,0.31272,-0.16867845618279478,0.3,0.348,377773785088.0
2026-08-25,LULU,9.9417,2.9113414,1.2444412,5.676,0.0813332913709869,0.32027,0.55695,0.13029,0.2421224703990294,0.043,-0.35,13942150144.0
2026-08-30,LULU,9.782186,2.864629,1.2244742,5.588,0.082659559213709,0.32027,0.55695,0.13029,0.24212247039902945,0.043,-0.35,13718449152.0
2026-08-25,LUV,25.285713,2.8122408,0.6622441,9.843,-0.0419142418241615,0.11099,0.22399001,0.02783,1.3250641751959855,0.164,0.205,19915665408.0
2026-08-30,LUV,24.930817,2.7383256,0.644838,9.619,-0.04304562951863024,0.11099,0.22399001,0.02783,1.3250641751959857,0.164,0.205,19392212992.0
2026-08-25,LVS,18.205427,52.363434,2.217547,9.193,0.0727380432345238,1.22869,0.79335,0.12588,2.566932437964286,-0.007,-0.198,30422525952.0
2026-08-30,LVS,17.125475,50.21182,2.1264277,8.923,0.07585492924009395,1.22869,0.79335,0.12588,2.566932437964286,-0.007,-0.198,29172461568.0
2026-08-25,LYB,10.158342,1.9735448,0.6752396,9.211,0.0583038488300906,-0.02269,0.12888,-0.01132,3.2738229955156952,0.198,3.96,21062074368.0
2026-08-30,LYB,9.837581,1.9272331,0.65939426,9.073,0.05970489901108088,-0.02269,0.12888,-0.01132,3.2738229955156952,0.198,3.96,20567826432.0
2026-08-25,LYV,97.764946,517.05884,1.6367662,30.275,0.0394174885512586,0.17677,0.25777,0.00513,1.4255719531276632,0.094,1.562,43001995264.0
2026-08-30,LYV,96.207825,508.82352,1.6106969,29.833,0.04005546277673494,0.17677,0.25777,0.00513,1.4255719531276632,0.094,1.562,42317090816.0
2026-08-25,MA,31.941425,93.78674,14.978288,24.256,0.0322774290745137,2.41202,1.0,0.46339,0.5870906905803254,0.141,0.221,525483311104.0
2026-08-30,MA,32.565643,93.0738,14.864427,24.076,0.032524674948845624,2.41202,1.0,0.46339,0.5870906905803254,0.141,0.221,521488695296.0
2026-08-25,MAA,39.049854,2.84293,7.1396046,17.173,0.0581509729514141,0.0705,0.58392,0.18173,4.574462844761694,0.01,0.137,15841218560.0
2026-08-30,MAA,37.568115,2.7671385,6.970461,16.841,0.05956205234131052,0.0705,0.58392,0.18173,4.574462844761694,0.01,0.137,15465925632.0
2026-08-25,MAR,36.90574,-20.840084,12.718758,23.108,0.0219356800641349,,0.79241997,0.35029998,3.596177745677036,0.111,0.043,93928022016.0
2026-08-30,MAR,36.381348,-20.312426,12.396727,22.614,0.022505504443821656,,0.79241997,0.35029998,3.5961777456770356,0.111,0.043,91549827072.0
2026-08-25,MAS,16.907621,-39.551594,1.8945001,11.69,0.0621445929827784,58.625,0.37205002,0.11614,1.952917729442971,-0.029,0.245,14436090880.0
2026-08-30,MAS,16.87788,-39.573204,1.8955353,11.695,0.062110655755138015,58.625,0.37205002,0.11614,1.952917729442971,-0.029,0.245,14443978752.0
2026-08-25,MCD,22.032337,-188.47858,6.961975,16.52,0.032470985629514,,0.57382,0.3172,3.602277410655828,0.037,0.057,192860635136.0
2026-08-30,MCD,21.149242,-183.26418,6.769367,16.163,0.03339487926733183,,0.57382,0.3172,3.602277410655828,0.037,0.057,187525005312.0
2026-08-25,MCHP,112.439384,6.246633,7.866911,30.159,0.0338678666547537,0.0719,0.60194,0.0934,3.4037581441605878,0.38,,40296677376.0
2026-08-30,MCHP,107.25,6.138889,7.7312193,29.698,0.03446228692752084,0.0719,0.60194,0.0934,3.4037581441605873,0.38,,39601623040.0
2026-08-25,MCK,23.042986,-23.905396,0.24788249,15.761,0.0667604125145656,,0.03633,0.01117,0.9379153483203816,0.077,-0.176,101875490816.0
2026-08-30,MCK,23.983625,-24.44162,0.25344276,16.084,0.06529575970758773,,0.03633,0.01117,0.9379153483203815,0.077,-0.176,104160665600.0
2026-08-25,MCO,31.939413,29.275208,10.852464,23.395,0.0291241929632099,0.76932,0.74974996,0.34252,1.5109794820386595,0.151,0.567,88556101632.0
2026-08-30,MCO,32.67449,29.48131,10.928867,23.549,0.02892058641620345,0.76932,0.74974996,0.34252,1.5109794820386595,0.151,0.567,89179553792.0
2026-08-25,MDLZ,23.613138,3.1101282,2.0813391,16.936,0.0272760152163406,0.13340001,0.31146,0.08862001,3.3458881263157894,0.041,1.449,82577129472.0
2026-08-30,MDLZ,22.842491,2.9976447,2.0176032,16.445,0.028137665297758293,0.13340001,0.31146,0.08862001,3.3458881263157894,0.041,1.449,80048398336.0
2026-08-25,MDT,24.973118,2.4043689,3.2699983,13.803,0.0388980454424705,0.098409995,0.65309,0.13203,1.972582382436378,0.099,0.183,118910222336.0
2026-08-30,MDT,24.458447,2.3611472,3.2112157,13.592,0.039610090137314084,0.098409995,0.65309,0.13203,1.972582382436378,0.099,0.183,116772651008.0
2026-08-25,MET,18.084585,2.2359858,0.7700349,14.015,-0.3427259013473355,0.13094,0.23951,0.04567,3.806953621192053,0.105,0.058,61139234816.0
2026-08-30,MET,18.453156,2.242958,0.772436,14.047,-0.3416605362344442,0.13094,0.23951,0.04567,3.806953621192053,0.105,0.058,61329879040.0
2026-08-25,META,20.704445,5.4527903,6.239324,13.188,0.0151348356555141,0.29848,0.81747,0.29834998,0.2011581831846414,0.28,-0.134,1424106979328.0
2026-08-30,META,21.78741,5.6381197,6.451386,13.63,0.014637341862319478,0.29848,0.81747,0.29834998,0.20115818318464143,0.28,-0.134,1472509509632.0
2026-08-25,MGM,26.478788,4.372498,0.62934864,17.543,0.078634829379437,0.18924999,0.44157,0.02398,12.245069659988228,0.01,5.194,11178139648.0
2026-08-30,MGM,26.098764,4.231385,0.5989008,17.385,0.08263259084086115,0.18924999,0.44157,0.02398,12.245069659988228,0.01,5.194,10637341696.0
2026-08-25,MKC,9.351081,2.159877,2.0457442,13.978,0.0472568260079578,0.24728,0.38853002,0.21912001,3.170719808843931,0.167,-0.142,15109457920.0
2026-08-30,MKC,9.070492,2.1264412,2.0140753,13.817,0.04799988535071221,0.24728,0.38853002,0.21912001,3.170719808843931,0.167,-0.142,14875556864.0
2026-08-25,MLM,34.73029,2.7727153,4.7879333,17.995,0.0185304029043985,0.08894,0.2823,0.36737,2.931796771401693,0.21,-0.232,32021698560.0
2026-08-30,MLM,34.483765,2.7620013,5.6391807,17.936,0.01573319549617305,0.08894,0.2823,0.36737,2.9317967714016935,0.21,-0.232,37714841600.0
2026-08-25,MMM,31.73936,31.273584,3.666381,15.448,0.0687842424135941,0.81891996,0.39408,0.11902001,1.211004843403206,0.025,0.328,92319473664.0
2026-08-30,MMM,30.966251,30.457722,3.5707326,15.077,0.07062674764725338,0.81891996,0.39408,0.11902001,1.211004843403206,0.025,0.328,89911050240.0
2026-08-25,MNST,44.07207,10.234309,10.395623,31.538,0.017542645186967,0.25704,0.55546004,0.23079,-1.1339803805461033,0.202,0.18,95836807168.0
2026-08-30,MNST,43.38889,9.803347,9.957869,30.162,0.018313831735244347,0.25704,0.55546004,0.23079,-1.1339803805461033,0.202,0.18,91801165824.0
2026-08-25,MO,13.916667,-42.84731,5.592221,8.662,0.0790296336831165,,0.8717,0.38999,1.4085488735935423,0.012,-0.027,114327363584.0
2026-08-30,MO,14.242739,-42.95995,5.606922,8.681,0.07882241668599822,,0.8717,0.38999,1.4085488735935423,0.012,-0.027,114627919872.0
2026-08-25,MOS,14.945914,0.6655205,0.6229227,7.905,-0.0978144659701484,-0.05073,0.11236,-0.05213,3.365974164361917,-0.06,,7629495296.0
2026-08-30,MOS,14.6968155,0.6544285,0.6125407,7.831,-0.09947233171248242,-0.05073,0.11236,-0.05213,3.365974164361917,-0.06,,7502337536.0
2026-08-25,MPC,12.56133,5.3778367,0.66044265,8.766,0.090854207239245,0.42099,0.12819,0.05549,1.7226732764335084,0.537,3.48,101804589056.0
2026-08-30,MPC,12.788835,5.4714427,0.69852597,8.881,0.08590087362832957,0.42099,0.12819,0.05549,1.7226732764335084,0.537,3.48,107674984448.0
2026-08-25,MPWR,78.117325,16.211004,19.293365,61.738,0.007035859047233,0.21979,0.55195,0.24500999,-1.3944338159748362,0.476,0.858,63150231552.0
2026-08-30,MPWR,76.92958,15.8480625,18.861414,60.325,0.007196989534983241,0.21979,0.55195,0.24500999,-1.3944338159748362,0.476,0.858,61736386560.0
2026-08-25,MRK,121.5,8.8696575,5.583741,14.496,0.0408160718447944,0.06961,0.759,0.047659997,1.619964626937836,0.051,,371704070144.0
2026-08-30,MRK,118.68001,8.733664,5.498129,14.299,0.04145162769714611,0.06961,0.759,0.047659997,1.619964626937836,0.051,,366004928512.0
2026-08-25,MRNA,-30.32321,8.196518,24.887735,-23.507,0.0053967657648527,-0.38998002,-0.66023004,-1.41427,,0.021,,55449874432.0
2026-08-30,MRNA,-30.133955,8.143406,24.726465,-23.344,0.005431964318176157,-0.38998002,-0.66023004,-1.41427,,0.021,,55090565120.0
2026-08-25,MRSH,23.425991,6.1276717,3.3241034,14.673,0.0515103988695059,0.25902998,0.43994,0.14241,2.6658932439759817,0.062,0.073,92898713600.0
2026-08-30,MRSH,23.521368,6.063773,3.28944,14.548,0.05205320350232371,0.25902998,0.43994,0.14241,2.6658932439759817,0.062,0.073,91929976832.0
2026-08-25,MRVL,78.52397,11.021438,23.608536,74.49,0.0110287780878313,0.16028,0.51502997,0.28986,0.5286135693215339,0.276,-0.804,205797965824.0
2026-08-30,MRVL,71.966774,10.41242,20.600128,68.496,0.012683034299725681,0.16523,0.52246,0.27934998,0.36104586465477284,0.365,0.5,194677391360.0
2026-08-25,MS,17.306387,3.1574755,4.320127,,,0.17969999,0.87641,0.25897,,0.28,0.624,336226844672.0
2026-08-30,MS,17.362167,3.1676524,4.334051,,,0.17969999,0.87641,0.25897,,0.28,0.624,337310515200.0
2026-08-25,MSCI,30.767904,-15.444667,12.45977,24.323,0.0287618471086221,,0.82975,0.40735,3.155227703198227,0.122,0.196,41537871872.0
2026-08-30,MSCI,31.155024,-15.428449,12.446687,24.301,0.02879208124667524,,0.82975,0.40735,3.155227703198227,0.122,0.196,41494253568.0
2026-08-25,MSFT,26.952986,8.181147,10.904512,18.897,0.0045724208510686,0.34039003,0.67944,0.40305,0.2675597197739472,0.177,0.317,3618542714880.0
2026-08-30,MSFT,28.577076,8.621339,11.491237,19.899,0.0043389603005638735,0.34039003,0.67944,0.40305,0.26755971977394727,0.177,0.317,3813240733696.0
2026-08-25,MSI,37.885128,29.824713,6.5121007,23.58,0.0248341762348795,0.91567004,0.52112,0.17438999,2.370675895836478,0.133,0.095,79688572928.0
2026-08-30,MSI,38.328075,30.102198,6.572688,23.777,0.02460525319376544,0.91567004,0.52112,0.17438999,2.370675895836478,0.133,0.095,80429981696.0
2026-08-25,MTB,12.725789,1.3735727,3.6946783,,,0.10742,0.0,0.32092,,0.062,0.255,34918404096.0
2026-08-30,MTB,12.561673,1.3480089,3.6388903,,,0.10742,0.0,0.32092,,0.062,0.255,34391150592.0
2026-08-25,MTD,31.527836,2185.7656,6.780308,23.606,0.0247454781920337,,0.60256,0.21907,1.6351733538467037,0.045,0.183,28028944384.0
2026-08-30,MTD,31.549288,2185.2812,6.778805,23.602,0.024750965141057783,,0.60256,0.21907,1.6351733538467035,0.045,0.183,28022730752.0
2026-08-25,MU,20.560751,10.204899,,14.784,,0.66638,0.72569,0.55906,-0.287971626575836,3.457,13.685,
2026-08-30,MU,21.095882,10.456314,11.670754,15.155,0.007251090412833034,0.66638,0.72569,0.55906,-0.287971626575836,3.457,13.685,1053565648896.0
2026-08-25,NCLH,10.436363,3.0733533,0.7787055,9.123,-0.2125023099917649,0.3673,0.42457,0.07492,6.07538660887455,0.049,6.163,7907214336.0
2026-08-30,NCLH,10.090909,2.9716222,0.75292957,9.023,-0.21977716097553984,0.3673,0.42457,0.07492,6.07538660887455,0.049,6.163,7645477376.0
2026-08-25,NDAQ,28.634783,4.631288,9.836368,19.084,0.0306312575194076,0.16521999,1.0,0.35037,2.6131823320142167,0.149,0.141,55221370880.0
2026-08-30,NDAQ,28.953352,4.6556654,9.888144,19.171,0.0304708681134979,0.16521999,1.0,0.35037,2.6131823320142167,0.149,0.141,55512039424.0
2026-08-25,NDSN,33.832825,5.6896286,6.244018,21.197,0.0329899046044379,0.17763,0.55391,0.18631001,1.7792086508447524,0.103,0.23,18605893632.0
2026-08-30,NDSN,32.886524,5.53049,6.0693736,20.653,0.03393918009173569,0.17763,0.55391,0.18631001,1.7792086508447524,0.103,0.23,18085488640.0
2026-08-25,NEE,18.898876,3.0706878,6.1125703,20.132,-0.101275710617772,0.11677,0.61024,0.32401,7.354964364899333,0.124,0.531,175430762496.0
2026-08-30,NEE,18.39101,2.98817,5.947245,19.809,-0.10409102920825357,0.11677,0.61024,0.32401,7.354964364899333,0.124,0.531,170685939712.0
2026-08-25,NEM,16.583649,3.9615386,5.391345,7.954,0.0634606386065222,0.25905,0.68041,0.33363998,-0.1999648461481709,0.151,0.114,138918789120.0
2026-08-30,NEM,16.68579,3.8455532,5.233498,7.716,0.06537466960526371,0.25905,0.68041,0.33363998,-0.19996484614817098,0.151,0.114,134851543040.0
2026-08-25,NFLX,25.003126,11.049579,6.887565,23.133,0.0762030129616601,0.49541,0.49118,0.28219,0.5110874747049546,0.134,0.111,333156810752.0
2026-08-30,NFLX,25.698112,11.285734,7.0347686,23.617,0.07460845964257658,0.49541,0.49118,0.28219,0.5110874747049546,0.134,0.111,340277133312.0
2026-08-25,NI,21.603176,2.0447717,2.8453739,12.979,-0.0905495424946254,0.085489996,0.50971,0.13153,5.7412429130466265,0.046,-0.584,19580440576.0
2026-08-30,NI,21.579786,2.0317507,2.8272545,12.937,-0.09112985807503443,0.085489996,0.50971,0.13153,5.7412429130466265,0.046,-0.584,19455752192.0
2026-08-25,NKE,19.404762,4.0652432,1.3029133,12.674,0.0312517722322534,0.22138001,0.43245,0.066989996,0.4090079176661608,-0.011,4.28,60452573184.0
2026-08-30,NKE,18.333332,3.9505186,1.263915,12.328,0.03215933710345514,0.22138001,0.43245,0.066989996,0.40900791766616085,-0.011,4.28,58746548224.0
2026-08-25,NOC,17.515306,4.3632436,1.8192759,12.788,0.0317560496174611,0.26958,0.2006,0.104820006,2.0323914627052995,0.051,-0.058,78032379904.0
2026-08-30,NOC,17.330687,4.333773,1.8069878,12.715,0.03197199923602956,0.26958,0.2006,0.104820006,2.0323914627052995,0.051,-0.058,77505323008.0
2026-08-25,NOW,79.534164,10.5774,8.986291,47.006,0.0388966620886048,0.14244,0.74768996,0.11336,1.3079048241994853,0.24,-0.219,132386037760.0
2026-08-30,NOW,89.88199,11.953577,10.155457,52.951,0.03441861251750948,0.14244,0.74768996,0.11336,1.3079048241994853,0.24,-0.219,149610184704.0
2026-08-25,NRG,29.493404,5.5906773,0.70935327,14.587,0.0328707597000829,0.23772,0.18795,0.02563,7.164156245467568,0.11,,23497326592.0
2026-08-30,NRG,28.937502,5.5576677,0.70516497,14.545,0.033065994627533006,0.23772,0.18795,0.02563,7.164156245467568,0.11,,23358588928.0
2026-08-25,NSC,29.938932,4.877975,6.3223495,16.84,0.0174345418185616,0.16985,0.45159,0.21021,2.839660947600512,0.114,-0.044,79282266112.0
2026-08-30,NSC,29.750853,4.818551,6.2453303,16.669,0.017649549487542666,0.16985,0.45159,0.21021,2.839660947600512,0.114,-0.044,78316445696.0
2026-08-25,NTAP,30.285252,27.10866,5.295067,18.98,0.0353233910351509,1.06734,0.70744,0.18426001,-0.4516985477707006,0.125,0.234,36668338176.0
2026-08-30,NTAP,29.498423,27.131872,5.291111,18.997,0.03534980003449763,1.06734,0.70744,0.18426001,-0.4516985477707006,0.125,0.234,36640944128.0
2026-08-25,NTRS,15.791879,2.728389,3.7587917,,,0.17066,0.0,0.2467,,0.364,0.986,34150502400.0
2026-08-30,NTRS,15.992293,2.730289,3.761409,,,0.17066,0.0,0.2467,,0.364,0.986,34174283776.0
2026-08-25,NUE,19.462212,2.5104156,1.5374328,10.749,0.0123124271798303,0.14548999,0.15554,0.07989,0.77574368203619,0.23,0.938,55502864384.0
2026-08-30,NUE,20.169083,2.570549,1.5742599,10.983,0.01202439982898846,0.14548999,0.15554,0.07989,0.77574368203619,0.23,0.938,56832356352.0
2026-08-25,NVDA,32.883278,25.833954,19.92021,30.238,0.0091761583296959,1.14288,0.74144995,0.62966,-0.2438343463332097,0.852,2.145,5049593888768.0
2026-08-30,NVDA,27.468435,26.95787,17.338943,25.933,0.007958965393734009,1.17211,0.74674004,0.63663,-0.11730247270052462,1.059,1.278,5253179637760.0
2026-08-25,NVR,16.529104,5.052415,1.7789563,11.093,0.0535968271686255,0.31544,0.2184,0.1185,-0.0022653563169329,-0.109,-0.226,17133724672.0
2026-08-30,NVR,16.638754,5.0513725,1.7697612,11.09,0.053875297314592605,0.31544,0.2184,0.1185,-0.00226535631693297,-0.109,-0.226,17045164032.0
2026-08-25,NWS,34.029125,2.2340493,2.0967672,15.312,0.0552111130344937,0.07979,0.57167,0.06347,0.608370798206278,0.108,-0.749,18929612800.0
2026-08-30,NWS,34.166664,2.2213013,2.0735514,15.231,0.05582925930974606,0.07979,0.57167,0.06347,0.608370798206278,0.108,-0.749,18720022528.0
2026-08-25,NWSA,29.864079,1.9606093,1.8401301,13.578,0.0629112286660682,0.07979,0.57167,0.06347,0.608370798206278,0.108,-0.749,16612694016.0
2026-08-30,NWSA,30.06796,1.9739945,1.8426942,13.662,0.06282368856465062,0.07979,0.57167,0.06347,0.608370798206278,0.108,-0.749,16635842560.0
2026-08-25,NXPI,19.225584,4.9226546,4.2541823,12.669,0.0633787030031497,0.27921,0.56102,0.22564,1.529992004799141,0.195,0.726,56091398144.0
2026-08-30,NXPI,19.076792,4.947883,4.2759852,12.726,0.06305554205451581,0.27921,0.56102,0.22564,1.529992004799141,0.195,0.726,56378867712.0
2026-08-25,O,45.77536,1.5113163,9.854506,17.344,0.0264683505211226,0.03225,0.9268,0.20898001,5.7420518066512685,0.096,0.692,59772592128.0
2026-08-30,O,44.913044,1.482846,9.668866,17.133,0.026976535628260228,0.03225,0.9268,0.20898001,5.7420518066512685,0.096,0.692,58646593536.0
2026-08-25,ODFL,39.66142,9.192445,7.479054,23.15,0.0231680769558994,0.24818,0.39566,0.19443001,-0.1471869717726511,0.104,0.323,41901449216.0
2026-08-30,ODFL,38.494186,9.062415,7.3515744,22.821,0.02356982057296121,0.24818,0.39566,0.19443001,-0.14718697177265114,0.104,0.323,41187246080.0
2026-08-25,OKE,16.121317,2.5564075,1.4895337,11.948,0.0153465431149921,0.16277,0.27214,0.09287,4.284354440104646,0.528,0.142,58636984320.0
2026-08-30,OKE,16.36615,2.6042268,1.5165856,12.091,0.015072800595609311,0.16277,0.27214,0.09287,4.284354440104646,0.528,0.142,59701911552.0
2026-08-25,OMC,240.37839,2.5254133,1.0906979,9.086,0.1746134221258071,0.060510002,0.18959999,0.017439999,2.196382465465589,0.634,0.588,24400328704.0
2026-08-30,OMC,238.59459,2.5066729,1.1246709,9.037,0.1693388722448228,0.060510002,0.18959999,0.017439999,2.1963824654655895,0.634,0.588,25160347648.0
2026-08-25,ON,48.601353,3.879092,4.518247,13.813,0.059159329262812,0.08312,0.42776,0.10168,0.40408642091451,0.092,0.366,28003190784.0
2026-08-30,ON,47.45752,3.9157636,4.561042,13.94,0.05860425444082863,0.08312,0.42776,0.10168,0.40408642091451,0.092,0.366,28268425216.0
2026-08-25,ORCL,25.123455,10.92408,6.0917664,18.081,-0.0597986089277433,0.53376,0.65822,0.25368,4.444743220256114,0.206,0.219,410323091456.0
2026-08-30,ORCL,26.053541,11.568252,6.4509864,18.875,-0.056468751673206155,0.53376,0.65822,0.25368,4.444743220256114,0.206,0.219,434519080960.0
2026-08-25,ORLY,28.3375,-40.32014,3.9497278,19.829,0.0214123138301525,,0.51636004,0.1427,2.23640894171449,0.081,0.103,73356566528.0
2026-08-30,ORLY,28.095238,-39.350822,3.8547738,19.406,0.021939760364089775,,0.51636004,0.1427,2.23640894171449,0.081,0.103,71593025536.0
2026-08-25,OTIS,18.368958,-4.7811117,1.8429698,13.563,0.0522642929320819,,0.30313,0.10167,3.0428030787878786,0.073,0.13,27480520704.0
2026-08-30,OTIS,18.442158,-4.751308,1.8314813,13.499,0.052592131892577935,,0.30313,0.10167,3.0428030787878786,0.073,0.13,27309217792.0
2026-08-25,OXY,18.105423,1.7959902,2.5114188,5.794,0.0630427370618021,0.10629,0.73318,0.30318,0.7636681759183976,0.534,9.649,60088205312.0
2026-08-30,OXY,17.433628,1.765813,2.4692204,5.721,0.06412012328094514,0.10629,0.73318,0.30318,0.7636681759183976,0.534,9.649,59078565888.0
2026-08-25,PANW,313.30356,10.3108835,26.963043,192.115,0.0125160193629945,0.048309997,0.71963996,0.07947,-0.6612740430328484,0.311,,285983506432.0
2026-08-30,PANW,323.12173,10.91884,28.552855,203.482,0.011819131945564016,0.048309997,0.71963996,0.07947,-0.6612740430328484,0.311,,302845853696.0
2026-08-25,PAYX,25.456568,11.996383,11.29526,30.041,,,0.67197996,0.26633,2.168283701492537,0.125,0.434,44819595264.0
2026-08-30,PAYX,25.979551,12.09444,11.3875885,30.269,,,0.67197996,0.26633,2.168283701492537,0.125,0.434,45185949696.0
2026-08-25,PCAR,27.529663,3.365711,2.4588852,22.785,0.0284176547017707,0.12755999,0.13715,0.09003,1.879477808847916,0.005,0.042,68395864064.0
2026-08-30,PCAR,26.387367,3.2465615,2.3718383,22.045,0.029460588470557908,0.12755999,0.13715,0.09003,1.8794778088479156,0.005,0.042,65974583296.0
2026-08-25,PCG,12.664336,1.2339876,1.5437112,10.088,-0.1541969610114119,0.09318,0.39823002,0.11828,6.096909921112914,0.001,0.398,39884865536.0
2026-08-30,PCG,11.942447,1.1310984,1.4149976,9.77,-0.16822329714420606,0.09318,0.39823002,0.11828,6.096909921112914,0.001,0.398,36559294464.0
2026-08-25,PEG,18.066338,2.1131132,2.921855,13.698,0.0029400669869751,0.11835,0.33333,0.16041,5.486444160624597,-0.089,-0.427,36648824832.0
2026-08-30,PEG,18.206469,2.1033423,2.907769,13.66,0.002954309469115707,0.11835,0.33333,0.16041,5.486444160624597,-0.089,-0.427,36472143872.0
2026-08-25,PEP,18.788311,8.942944,2.0393298,12.717,0.0396311403970578,0.51508,0.54171,0.10785,2.250714798822134,0.064,1.37,197619220480.0
2026-08-30,PEP,18.488861,8.720406,1.9885827,12.457,0.0406424955324857,0.51508,0.54171,0.10785,2.250714798822134,0.064,1.37,192701628416.0
2026-08-25,PFE,36.80263,1.8711532,2.5028238,8.332,0.0783191310963703,0.05014,0.74716,0.06804,2.039790405761865,0.026,,159419858944.0
2026-08-30,PFE,36.789474,1.8704842,2.501929,8.33,0.07834713575095782,0.05014,0.74716,0.06804,2.039790405761865,0.026,,159362875392.0
2026-08-25,PFG,15.781382,1.9777635,1.5265317,10.637,0.0440961569878916,0.12949,0.47345,0.09932999,-0.8444339841868986,0.064,0.028,23956168704.0
2026-08-30,PFG,15.98422,1.9692792,1.519983,10.589,0.04428614217946733,0.12949,0.47345,0.09932999,-0.8444339841868986,0.064,0.028,23853398016.0
2026-08-25,PG,21.847988,6.3886347,3.9153636,14.82,0.0389740589397597,0.30290002,0.50873,0.18437,1.0133725657040438,0.015,-0.155,340761903104.0
2026-08-30,PG,21.653614,6.265743,3.8469296,14.555,0.03966737793231923,0.30290002,0.50873,0.18437,1.0133725657040438,0.015,-0.155,334805958656.0
2026-08-25,PGR,11.00344,3.7892814,1.4302592,8.859,0.1161039403740697,0.34943,0.18521,0.12849,0.4046629408618372,0.073,0.05,130180767744.0
2026-08-30,PGR,10.964894,3.6999307,1.3958812,8.66,0.11896337358073335,0.34943,0.18521,0.12849,0.4046629408618372,0.073,0.05,127051710464.0
2026-08-25,PH,35.216667,8.302758,5.94827,24.026,0.0231600474268122,0.25076,0.37546003,0.16968,1.4533897740112995,0.098,0.193,127881863168.0
2026-08-30,PH,34.962055,8.14542,5.8337483,23.598,0.023614700533878805,0.25076,0.37546003,0.16968,1.4533897740112995,0.098,0.193,125419757568.0
2026-08-25,PHM,13.171748,1.8691144,,9.238,,0.14901,0.25565,0.1162,0.4154020960412087,-0.096,-0.182,
2026-08-30,PHM,13.117347,1.8538281,1.492467,9.166,0.044044268026077416,0.14901,0.25565,0.1162,0.4154020960412087,-0.096,-0.182,24487020544.0
2026-08-25,PKG,32.280155,4.727784,2.3257172,12.925,0.0195244303618248,0.14887,0.21385999,0.07256,1.9051546607494367,0.147,-0.195,22174783488.0
2026-08-30,PKG,31.630264,4.566506,2.2463803,12.549,0.020213987184950946,0.14887,0.21385999,0.07256,1.9051546607494372,0.147,-0.195,21418338304.0
2026-08-25,PLD,31.577093,2.4925673,14.430174,25.76,0.0387986432787039,0.07749,0.75549006,0.43575,5.2436180206309295,0.123,0.853,139359027200.0
2026-08-30,PLD,31.336304,2.4463184,14.162425,25.392,0.03953215252030522,0.07749,0.75549006,0.43575,5.2436180206309295,0.123,0.853,136773255168.0
2026-08-25,PLTR,154.28947,43.237465,68.66114,155.33,0.005108203523378,0.38097,0.84796,0.49005002,-3.454366223954893,0.928,2.154,422673940480.0
2026-08-30,PLTR,159.22223,45.794003,72.72093,164.716,0.004823028321785456,0.38097,0.84796,0.49005002,-3.454366223954893,0.928,2.154,447665733632.0
2026-08-25,PM,25.838058,-34.766663,7.0140347,19.066,0.0325535533004678,,0.67481005,0.25559,2.394448965239933,0.104,-0.075,298412113920.0
2026-08-30,PM,26.32236,-34.84474,7.0297875,19.103,0.032480605094536506,,0.67481005,0.25559,2.394448965239933,0.104,-0.075,299082317824.0
2026-08-25,PNC,13.418502,1.696487,3.997475,,,0.12623,0.0,0.31366,,0.236,0.249,97214595072.0
2026-08-30,PNC,13.330765,1.664582,3.973524,,,0.12623,0.0,0.31366,,0.236,0.249,96632135680.0
2026-08-25,PNR,16.616798,2.6956484,2.5186388,11.383,0.0552550735716406,0.17126,0.41388,0.16237,1.6166409277155005,-0.17,-0.111,10104275968.0
2026-08-30,PNR,15.894329,2.6156847,2.4842248,11.13,0.05602052708260768,0.17126,0.41388,0.16237,1.6166409277155005,-0.17,-0.111,9966213120.0
2026-08-25,PNW,18.754318,1.6832911,2.1320922,13.205,-0.0784907245195047,0.09365,0.43352002,0.11525,7.67581131964219,0.071,-0.095,11842181120.0
2026-08-30,PNW,18.740883,1.6820852,2.1305647,13.201,-0.07854699626049585,0.09365,0.43352002,0.11525,7.67581131964219,0.071,-0.095,11833697280.0
2026-08-25,PODD,27.75191,7.091237,3.303035,17.074,0.0234891964592939,0.26016,0.71075,0.12291,0.6724671028117536,0.235,3.286,10085487616.0
2026-08-30,PODD,26.875927,7.077096,3.2964482,17.042,0.023536131991070117,0.26016,0.71075,0.12291,0.6724671028117536,0.235,3.286,10065375232.0
2026-08-25,PPG,16.315563,2.981306,1.5328561,11.556,0.0438847763996087,0.19297001,0.41202998,0.09573,2.172350063032175,0.072,-0.015,25171030016.0
2026-08-30,PPG,16.293865,3.0073724,1.5462582,11.638,0.043504407484722736,0.19297001,0.41202998,0.09573,2.172350063032175,0.072,-0.015,25391106048.0
2026-08-25,PPL,20.372093,1.752263,2.805828,12.347,-0.0735091371086271,0.086330004,0.44094002,0.13471,5.332269265957639,0.042,0.212,26369171456.0
2026-08-30,PPL,20.236687,1.7102566,2.7385652,12.179,-0.07531462485092796,0.086330004,0.44094002,0.13471,5.332269265957639,0.042,0.212,25737033728.0
2026-08-25,PRU,10.991936,1.332486,0.64885855,12.078,0.1778720604836555,0.12011,0.29015,0.06007,3.370917436904066,0.141,0.892,42321149952.0
2026-08-30,PRU,10.860381,1.3095953,0.6336249,11.888,0.1821484714066793,0.12011,0.29015,0.06007,3.370917436904066,0.141,0.892,41327550464.0
2026-08-25,PSA,30.773674,11.790936,12.358712,20.788,0.0384637443511638,0.21929,0.7442,0.41632998,2.886692854008289,0.033,0.451,60686766080.0
2026-08-30,PSA,29.94365,11.375132,11.922885,20.202,0.039869742916034276,0.21929,0.7442,0.41632998,2.8866928540082895,0.033,0.451,58546659328.0
2026-08-25,PSKY,345.00003,0.9857143,0.3989055,8.225,1.5150632994999371,-0.00896,0.33328998,-0.021329999,4.403323189237049,0.009,-0.541,11612138496.0
2026-08-30,PSKY,362.6667,1.0361905,0.41829628,8.405,1.4448301540254718,-0.00896,0.33328998,-0.021329999,4.403323189237049,0.009,-0.541,12176604160.0
2026-08-25,PSX,110.99082,3.064414,0.6375248,11.507,0.0468545934114559,0.23452999,0.13098,0.046609998,1.6590428019610863,0.531,3.449,97010237440.0
2026-08-30,PSX,13.92751,3.090377,0.6398568,11.59,0.04668382513048796,0.23452999,0.13098,0.046609998,1.6590428019610863,0.531,3.449,97365098496.0
2026-08-25,PTC,14.996113,4.923897,5.668165,14.107,0.0616011539355616,0.35053003,0.84501,0.41429,0.9845403272955046,-0.068,-0.12,16743601152.0
2026-08-30,PTC,15.242482,5.0145183,5.772485,14.348,0.06048790489468361,0.35053003,0.84501,0.41429,0.9845403272955046,-0.068,-0.12,17051758592.0
2026-08-25,PWR,70.408676,9.616752,2.8180645,32.489,0.0210882838753245,0.15337,0.15456,0.04032,2.0021989803394784,0.411,0.947,92728803328.0
2026-08-30,PWR,68.95882,9.397219,2.753733,31.794,0.021580939199971505,0.15337,0.15456,0.04032,2.0021989803394784,0.411,0.947,90611965952.0
2026-08-25,PYPL,11.659736,2.6825557,1.5460862,8.632,0.0838271475367484,0.24497,0.40477002,0.14364,0.4592625724907063,0.048,-0.031,52764827648.0
2026-08-30,PYPL,10.143667,2.3337538,1.3553364,7.57,0.09562496319526632,0.24497,0.40477002,0.14364,0.45926257249070634,0.048,-0.031,46254919680.0
2026-08-25,Q,46.07299,3.6405585,5.0691915,19.832,0.0292402794487639,0.06722,0.46219003,0.11248,2.336828351245085,0.221,-0.343,26410485760.0
2026-08-30,Q,42.95,3.4681048,4.8320794,19.012,0.030675111419156895,0.06722,0.46219003,0.11248,2.336828351245085,0.221,-0.343,25175132160.0
2026-08-25,QCOM,18.390951,6.058394,3.7780206,14.456,0.061509879932635,0.33754003,0.54226,0.21013,0.5805483687045312,-0.04,-0.23,166493585408.0
2026-08-30,QCOM,18.764572,6.2746973,3.9793246,14.952,0.0583982506621014,0.33754003,0.54226,0.21013,0.5805483687045312,-0.04,-0.23,175364849664.0
2026-08-25,RCL,18.108776,7.6555276,4.1945972,14.616,-0.0193489413567134,0.44669998,0.50284,0.23541,3.269130621650488,0.065,-0.046,78363459584.0
2026-08-30,RCL,17.26885,7.300447,4.000042,14.091,-0.02029003959969595,0.44669998,0.50284,0.23541,3.269130621650488,0.065,-0.046,74728783872.0
2026-08-25,RDDT,35.594406,8.938188,10.572401,33.204,0.0230800897778342,0.30712,0.91442,0.31348,-3.45031985547725,0.611,1.778,29378947072.0
2026-08-30,RDDT,35.831383,8.955749,10.593172,33.276,0.02303483483207698,0.30712,0.91442,0.31348,-3.45031985547725,0.611,1.778,29436665856.0
2026-08-25,REG,25.64883,2.1070418,8.5064335,18.166,0.051846207943509,0.081870005,0.71539,0.32996,4.621566455769939,0.089,0.089,14337865728.0
2026-08-30,REG,25.427608,2.0748963,8.376657,17.967,0.05264944366221393,0.081870005,0.71539,0.32996,4.621566455769939,0.089,0.089,14119122944.0
2026-08-25,REGN,20.482077,2.620915,5.490818,16.469,0.0359362759461598,0.14043,0.44458,0.27865,-1.124532153793807,0.167,-0.045,85298208768.0
2026-08-30,REGN,19.648443,2.512377,5.2634315,15.74,0.037488766358286296,0.14043,0.44458,0.27865,-1.1245321537938073,0.167,-0.045,81765826560.0
2026-08-25,RF,12.350806,1.4950213,3.6052225,,,0.118669994,0.0,0.30837,,0.034,0.085,26094600192.0
2026-08-30,RF,12.329268,1.4803787,3.5699117,,,0.118669994,0.0,0.30837,,0.034,0.085,25839022080.0
2026-08-25,RJF,15.270527,2.6730006,2.227049,,,0.18416001,0.93156,0.15131,,0.151,0.42,33940226048.0
2026-08-30,RJF,15.65096,2.7135465,2.2639105,,,0.18416001,0.93156,0.15131,,0.151,0.42,34501996544.0
2026-08-25,RL,23.46962,8.12062,2.6443756,14.535,0.0398332607001373,0.37537,0.70268995,0.117639996,0.6667712176751193,0.14,0.216,22094286848.0
2026-08-30,RL,22.322826,7.7531533,2.5247147,13.907,0.04172119008291904,0.37537,0.70268995,0.117639996,0.6667712176751193,0.14,0.216,21094496256.0
2026-08-25,RMD,22.180344,5.107781,5.931155,15.693,0.0280109667712447,0.24269,0.61618,0.26945,-0.3069580844160246,0.086,0.024,33531447296.0
2026-08-30,RMD,23.042185,5.2639303,6.13222,16.235,0.027092536630550557,0.24269,0.61618,0.26945,-0.3069580844160246,0.086,0.024,34668154880.0
2026-08-25,ROK,41.000957,13.65656,5.328575,24.308,0.027270128315616,0.30629,0.49091998,0.13385001,1.4980879235181643,0.079,0.404,47813304320.0
2026-08-30,ROK,40.30496,13.693745,5.332267,24.37,0.027251249052221007,0.30629,0.49091998,0.13385001,1.4980879235181643,0.079,0.404,47846428672.0
2026-08-25,ROL,33.872726,12.541231,4.568652,21.888,0.0279870668393108,0.37008998,0.52366,0.1355,1.1632067277838574,0.079,0.031,17927477248.0
2026-08-30,ROL,33.072727,12.245036,4.4607506,21.398,0.028664048678299955,0.37008998,0.52366,0.1355,1.1632067277838574,0.079,0.031,17504069632.0
2026-08-25,ROP,17.155657,2.1975007,4.9629,16.074,0.0551338590894316,0.13066,0.69525003,0.30244,3.383106860704856,0.085,2.33,41094303744.0
2026-08-30,ROP,17.758333,2.2540367,5.0905824,16.401,0.05375098897997902,0.13066,0.69525003,0.30244,3.3831068607048556,0.085,2.33,42151550976.0
2026-08-25,ROST,28.889954,12.297353,3.160725,19.738,0.0278319637185849,0.42628,0.34175,0.10848,0.1153491802188213,0.133,0.705,77475053568.0
2026-08-30,ROST,27.770355,11.636966,2.990989,18.685,0.029411404022961662,0.42628,0.34175,0.10848,0.11534918021882132,0.133,0.705,73314516992.0
2026-08-25,RSG,31.597734,5.7352943,4.044165,15.693,0.0284383714156624,0.18152,0.43035,0.12942,2.6988777319247053,0.046,0.051,68309995520.0
2026-08-30,RSG,31.46034,5.6487794,4.0265803,15.637,0.028562568896039732,0.18152,0.43035,0.12942,2.6988777319247053,0.046,0.051,68012965888.0
2026-08-25,RTX,36.89947,4.2481217,3.015807,19.773,0.0350382029808661,0.12274,0.20347,0.08276,1.922050923497247,0.145,0.287,281977946112.0
2026-08-30,RTX,37.338627,4.2986803,3.0516994,19.984,0.0346261035779946,0.12274,0.20347,0.08276,1.922050923497247,0.145,0.287,285333880832.0
2026-08-25,RVTY,60.0,1.8986464,4.713605,18.318,0.0440791621109349,0.03211,0.54976004,0.08158,2.6472805926250698,0.013,0.012,13725127680.0
2026-08-30,RVTY,62.222225,1.988176,4.9358726,19.057,0.042094231995107825,0.03211,0.54976004,0.08158,2.6472805926250698,0.013,0.012,14372328448.0
2026-08-25,SBAC,19.709265,-4.24064,6.8395376,18.871,0.0383043099920609,,0.742,0.34512,8.116490384081743,0.023,-0.105,19633727488.0
2026-08-30,SBAC,20.620949,-4.3753724,7.0568414,19.211,0.03712479346893236,,0.742,0.34512,8.116490384081743,0.023,-0.105,20257523712.0
2026-08-25,SBUX,62.132946,-15.964652,3.1962447,25.059,0.0250169136584477,,0.22341,0.05172,3.339560278715734,-0.014,0.857,122538598400.0
2026-08-30,SBUX,62.341038,-16.01812,3.2069495,25.131,0.02493340739396804,,0.22341,0.05172,3.339560278715734,-0.014,0.857,122949001216.0
2026-08-25,SCHW,20.440647,4.4703617,7.551931,,,0.20273,0.97495,0.38793,,0.209,0.426,196539006976.0
2026-08-30,SCHW,20.065575,4.333084,7.320024,,,0.20273,0.97495,0.38793,,0.209,0.426,190503632896.0
2026-08-25,SHW,31.956682,21.707256,3.4481971,20.899,0.0297729825851387,0.65124,0.48981997,0.11013,3.129727629451214,0.075,0.143,84171530240.0
2026-08-30,SHW,31.843027,21.590183,3.4296002,20.803,0.029934426993482022,0.65124,0.48981997,0.11013,3.1297276294512146,0.075,0.143,83717570560.0
2026-08-25,SJM,11.687789,2.4217412,1.4863794,10.642,0.0747617307995895,-0.02386,0.34257,-0.015319999,3.671443505711319,0.058,,13453072384.0
2026-08-30,SJM,61.841118,2.546224,1.5438609,9.291,0.10358206578410975,0.03931,0.37951002,0.02506,3.046512756069272,0.05,,14136979456.0
2026-08-25,SLB,26.213593,3.0737703,2.2038095,12.191,0.0368728126340631,0.12909001,0.16991,0.08527,1.176486564906523,0.05,-0.297,80143736832.0
2026-08-30,SLB,27.965855,3.2633197,2.3397112,12.861,0.034731062184090125,0.12909001,0.16991,0.08527,1.176486564906523,0.05,-0.297,85085937664.0
2026-08-25,SMCI,11.418831,2.1043499,0.58240485,9.77,-0.361805647200822,0.21465999,0.108219996,0.0571,0.633823401306995,0.932,4.094,22750523392.0
2026-08-30,SMCI,11.808917,2.2186325,0.61403394,10.185,-0.343168915653598,0.21465999,0.108219996,0.0571,0.633823401306995,0.932,4.094,23986053120.0
2026-08-25,SNA,20.075827,3.3773093,3.8684776,14.198,0.0543704839576526,0.17932,0.5183,0.19597,-0.2361002673576767,0.042,0.051,20405831680.0
2026-08-30,SNA,20.003061,3.3547933,3.842687,14.101,0.05473539630475123,0.17932,0.5183,0.19597,-0.23610026735767675,0.042,0.051,20269789184.0
2026-08-25,SNDK,20.248442,14.137921,10.797173,16.966,0.035316231008839,0.9164,0.71474,0.56465,-0.3614963854431139,3.716,,218621149184.0
2026-08-30,SNDK,20.12168,14.060845,10.73831,16.872,0.03550981943029792,0.9164,0.71474,0.56465,-0.36149638544311397,3.716,,217429295104.0
2026-08-25,SNPS,90.90092,2.4780624,8.703445,49.46,0.0468484851680693,0.03824,0.82598996,0.089090005,4.927049299889368,0.419,-0.96,75540512768.0
2026-08-30,SNPS,81.36213,2.7222962,9.007657,44.353,0.04038588528109659,0.03661,0.82921,0.11432999,3.485506823608701,0.424,0.893,84820287488.0
2026-08-25,SO,21.710842,2.6193383,3.4344313,12.661,-0.0377565031020427,0.114829995,0.48289,0.15435,5.197292691348959,0.001,0.304,103647707136.0
2026-08-30,SO,21.47202,2.5655563,3.363913,12.512,-0.038548000544037814,0.114829995,0.48289,0.15435,5.197292691348959,0.001,0.304,101519532032.0
2026-08-25,SOLV,11.155256,3.1866596,1.8691834,17.932,0.0314815351672393,0.33960998,0.54777,0.17256,4.294995425039765,0.022,0.039,15532914688.0
2026-08-30,SOLV,11.139364,3.2293735,1.8665206,17.913,0.03152644657747514,0.33960998,0.54777,0.17256,4.294995425039765,0.022,0.039,15510787072.0
2026-08-25,SPG,15.40335,16.252853,12.072845,19.763,0.0309719338885958,1.20508,0.81426,0.66571,5.544868189221154,0.195,-0.125,83794288640.0
2026-08-30,SPG,15.152542,14.440705,11.735377,19.374,0.0318625775970386,1.20508,0.81426,0.66571,5.544868189221154,0.195,-0.125,81452015616.0
2026-08-25,SPGI,26.245932,4.0748677,7.9619036,17.821,0.0424444747126634,0.14255,0.70903,0.30536,1.4262556213581776,0.104,0.177,128361816064.0
2026-08-30,SPGI,26.956179,4.144776,8.098497,18.091,0.04172858504384337,0.14255,0.70903,0.30536,1.4262556213581776,0.104,0.177,130563973120.0
2026-08-25,SRE,24.513042,1.6915354,4.0806046,17.456,-0.5001369521792469,0.06679,0.43994,0.16824,6.233571894773102,-0.001,0.713,55300354048.0
2026-08-30,SRE,24.43768,1.686335,4.068059,17.427,-0.5016793274369026,0.06679,0.43994,0.16824,6.233571894773102,-0.001,0.713,55130337280.0
2026-08-25,STE,29.07946,3.2181559,3.8413832,15.098,0.0344450865565385,0.11389,0.44422,0.13333,0.9522706482612988,0.073,0.14,23192350720.0
2026-08-30,STE,28.57946,3.162822,3.7753336,14.855,0.035047704331195265,0.11389,0.44422,0.13333,0.9522706482612988,0.073,0.14,22793576448.0
2026-08-25,STLD,20.748417,3.495449,1.5999489,13.696,0.0071267591529285,0.17568001,0.14652,0.07825,1.430515404610016,0.334,0.836,32860833792.0
2026-08-30,STLD,21.294462,3.5777009,1.6375976,13.986,0.006962913802676922,0.17568001,0.14652,0.07825,1.4305154046100161,0.334,0.836,33634086912.0
2026-08-25,STT,16.52987,2.1942809,3.4910512,,,0.12437,0.0,0.23005,,-0.028,-0.241,52446060544.0
2026-08-30,STT,17.063549,2.2219796,3.535119,,,0.12437,0.0,0.23005,,-0.028,-0.241,53108092928.0
2026-08-25,STX,3311.0417,162.83812,14.768599,40.492,0.010792431352119,3.7152898,0.45576,0.26108998,0.4873389181742822,0.485,1.488,180103069696.0
2026-08-30,STX,59.523674,170.03279,15.445307,42.26,0.010319580479047666,3.7152898,0.45576,0.26108998,0.4873389181742822,0.485,1.488,188355526656.0
2026-08-25,STZ,13.104762,2.8579144,2.5950599,9.904,0.094052573833309,0.2369,0.5272,0.20143999,3.0201978536684235,-0.033,0.307,23502680064.0
2026-08-30,STZ,12.458532,2.7143955,2.464741,9.563,0.0990254362078678,0.2369,0.5272,0.20143999,3.0201978536684235,-0.033,0.307,22322421760.0
2026-08-25,SW,52.354836,1.4159832,0.81526595,8.526,0.0475742618918263,0.02715,0.18160999,0.01587,2.94733386013986,0.011,,25539020800.0
2026-08-30,SW,51.37234,1.4024745,0.80856836,8.48,0.04796833368384089,0.02715,0.18160999,0.01587,2.94733386013986,0.011,,25329211392.0
2026-08-25,SWK,24.444168,1.7058009,0.97566515,10.885,0.0953877408129335,0.06886,0.32213002,0.040689997,2.5790619022557446,0.004,2.478,14876649472.0
2026-08-30,SWK,23.91198,1.6485462,0.9686331,10.826,0.09608022980088633,0.06886,0.32213002,0.040689997,2.5790619022557446,0.004,2.478,14769427456.0
2026-08-25,SWKS,34.822918,1.753567,2.5063179,11.296,0.0446108622655999,0.05094,0.40734002,0.072270006,-0.1341740149965916,-0.031,-0.686,10060610560.0
2026-08-30,SWKS,34.809525,1.7255037,2.4651127,11.113,0.045356547174926966,0.05094,0.40734002,0.072270006,-0.13417401499659168,-0.031,-0.686,9895208960.0
2026-08-25,SYF,8.207179,1.7130134,2.6277933,,,0.20786,0.0,0.35507,,0.006,0.036,26036174848.0
2026-08-30,SYF,8.005129,1.6708411,2.5631,,,0.20786,0.0,0.35507,,0.006,0.036,25395195904.0
2026-08-25,SYK,34.146873,5.241773,4.8666286,18.67,0.0326678460153355,0.16508,0.65588,0.14433,1.6228307505422994,0.094,0.441,125739081728.0
2026-08-30,SYK,34.23292,5.287825,4.9093847,18.82,0.03238333948274781,0.16508,0.65588,0.14433,1.6228307505422994,0.094,0.441,126843772928.0
2026-08-25,SYY,22.912567,15.052953,0.47462144,11.895,0.047694199152929,0.77692,0.18496001,0.02078,2.9523702704529065,0.047,0.053,40130666496.0
2026-08-30,SYY,22.510988,14.708311,0.4642902,11.69,0.04875547577486421,0.77692,0.18496001,0.02078,2.9523702704529065,0.047,0.053,39257128960.0
2026-08-25,T,8.340909,1.6000249,1.3835207,7.615,0.0576126304784571,0.18339,0.59721,0.16943,3.297491868885714,0.023,0.062,176037789696.0
2026-08-30,T,8.584159,1.6199552,1.4007542,7.664,0.05690382278346033,0.18339,0.59721,0.16943,3.297491868885714,0.023,0.062,178230558720.0
2026-08-25,TAP,8.751662,0.79399383,0.72320616,6.225,0.1166638886362277,-0.19466,0.37013,-0.20808001,2.55615447362105,-0.033,-0.423,8015654912.0
2026-08-30,TAP,8.440193,0.7657358,0.6974674,6.099,0.12096915017076647,-0.19466,0.37013,-0.20808001,2.5561544736210506,-0.033,-0.423,7730379776.0
2026-08-25,TDG,36.32475,-7.1384854,6.624123,19.053,0.021987833396099,,0.59824,0.21277,6.026496627733899,0.225,0.109,66280972288.0
2026-08-30,TDG,35.971184,-7.0604377,6.6295776,18.911,0.021969742367539326,,0.59824,0.21277,6.026496627733899,0.225,0.109,66335551488.0
2026-08-25,TDY,30.24722,2.6543689,4.546629,19.26,0.0314910652365966,0.09154,0.43339002,0.15292,1.0593444260236122,0.098,0.212,28982030336.0
2026-08-30,TDY,30.11913,2.6405709,4.5204053,19.165,0.03167375009070872,0.09154,0.43339002,0.15292,1.0593444260236122,0.098,0.212,28814870528.0
2026-08-25,TECH,62.405174,5.4334607,9.28294,31.893,0.0198926951348728,0.09032,0.66243,0.14968,0.0686515485012849,0.013,,11279133696.0
2026-08-30,TECH,62.37069,5.4304585,9.337807,34.029,0.020241246702807844,0.09032,0.66243,0.14968,0.0706602130179147,0.013,,11345799168.0
2026-08-25,TEL,19.922245,4.4305573,3.0328317,12.791,0.0398781611955938,0.23290001,0.36119,0.15609,0.9248636131708198,0.138,0.192,58600370176.0
2026-08-30,TEL,19.849167,4.4360294,3.041061,12.805,0.039770248281156995,0.23290001,0.36119,0.15609,0.9248636131708198,0.138,0.192,58759376896.0
2026-08-25,TER,51.539547,18.169596,12.779646,37.764,0.0076667994635234,0.36465,0.59242,0.25766,-0.1692491299214152,1.039,3.858,57048739840.0
2026-08-30,TER,51.00144,16.159239,12.431875,36.732,0.007881271747159326,0.36465,0.59242,0.25766,-0.16924912992141522,1.039,3.858,55496278016.0
2026-08-25,TFC,11.600456,1.0577043,3.2620783,,,0.09059,0.0,0.30692,,0.082,0.367,62070829056.0
2026-08-30,TFC,11.593103,1.049794,3.2376819,,,0.09059,0.0,0.30692,,0.082,0.367,61606612992.0
2026-08-25,TGT,17.605183,4.3254323,,10.545,,0.26408002,0.2838,0.04078,1.5876277712239344,0.053,1.005,
2026-08-30,TGT,16.927385,4.154594,0.6882807,10.192,0.04650365271490563,0.26408002,0.2838,0.04078,1.5876277712239344,0.053,1.005,74131275776.0
2026-08-25,TJX,26.057407,14.946889,2.4925508,18.588,0.0282981639760168,0.62171,0.31467,0.09729,0.9337301894014678,0.054,0.236,155442954240.0
2026-08-30,TJX,24.883978,14.353091,2.393529,17.886,0.029468879375767105,0.62171,0.31467,0.09729,0.9337301894014678,0.054,0.236,149267644416.0
2026-08-25,TKO,67.62937,4.233404,6.904846,14.488,0.0233865462184958,0.07063,0.59455,0.0433,2.691819392048036,0.182,0.144,36608548864.0
2026-08-30,TKO,65.014084,4.0412354,6.5914116,14.091,0.02449862312709302,0.07063,0.59455,0.0433,2.6918193920480356,0.182,0.144,34946760704.0
2026-08-25,TMO,33.89434,4.4130464,5.0171556,23.093,0.0268297762063572,0.13515,0.40987998,0.15036,3.2783881739032736,0.105,0.094,232474918912.0
2026-08-30,TMO,33.906265,4.3670025,4.9648085,22.886,0.02711265914797695,0.13515,0.40987998,0.15036,3.2783881739032736,0.105,0.094,230049366016.0
2026-08-25,TMUS,19.162643,3.4885764,2.1248877,9.121,0.0578688310010116,0.17994,0.63054,0.11455,3.4215475220515583,0.079,0.053,195891281920.0
2026-08-30,TMUS,18.58299,3.4646978,2.1103435,9.082,0.058267660635465304,0.17994,0.63054,0.11455,3.4215475220515583,0.079,0.053,194550448128.0
2026-08-25,TPL,49.00919,16.555103,28.699074,34.424,-0.0012747637791664,0.36566,0.93336,0.60322,-0.3109501844524843,0.312,0.327,25758595072.0
2026-08-30,TPL,46.5364,16.153028,28.002058,33.58,-0.0013064946925289908,0.36566,0.93336,0.60322,-0.3109501844524843,0.312,0.327,25132994560.0
2026-08-25,TPR,17.883627,38.262886,3.2922223,14.409,0.0531248457778991,1.97135,0.76595,0.19086,1.385767260516653,0.089,,26351605760.0
2026-08-30,TPR,16.958107,36.331787,3.1260664,13.751,0.05594852322975168,1.97135,0.76595,0.19086,1.385767260516653,0.089,,25021661184.0
2026-08-25,TRGP,28.105062,20.145136,3.7689857,15.04,0.0010434087436483,0.70839995,0.43192002,0.13545,3.537060939289112,0.042,0.233,63098474496.0
2026-08-30,TRGP,27.542585,19.704252,3.6865,14.788,0.0010667550760824819,0.70839995,0.43192002,0.13545,3.5370609392891117,0.042,0.233,61717540864.0
2026-08-25,TRMB,14.713585,2.4936292,3.739729,17.489,0.0485031432200905,-0.01939,0.71773005,-0.027679998,1.414498367530903,0.11,,14147020800.0
2026-08-30,TRMB,14.796041,2.5076036,3.7606869,17.579,0.04823284211984087,-0.01939,0.71773005,-0.027679998,1.414498367530903,0.11,,14226301952.0
2026-08-25,TROW,11.196411,2.1772428,3.155344,7.538,0.084486788403721,0.19399999,0.51614,0.29262,-0.9392333638872612,0.107,0.286,23955372032.0
2026-08-30,TROW,11.168674,2.1566918,3.1255603,7.462,0.08529186858901053,0.19399999,0.51614,0.29262,-0.9392333638872612,0.107,0.286,23729254400.0
2026-08-25,TRV,9.9637,2.3337615,1.5779716,7.081,0.1911710189171536,0.26511,0.34730998,0.16951999,0.3490418018545816,0.003,0.571,77287473152.0
2026-08-30,TRV,9.919549,2.3296678,1.5752037,7.07,0.19150693988091047,0.26511,0.34730998,0.16951999,0.34904180185458167,0.003,0.571,77151903744.0
2026-08-25,TSCO,18.708332,7.148258,1.1882477,12.959,0.0055127334648366,0.39513,0.36499,0.06425,3.2686731111427587,0.023,-0.15,18715760640.0
2026-08-30,TSCO,18.083334,6.909453,1.1485513,12.635,0.005703265122051782,0.39513,0.36499,0.06425,3.2686731111427587,0.023,-0.15,18090514432.0
2026-08-25,TSLA,332.33337,15.864969,13.300598,125.654,0.003508938028345,0.046669997,0.18852,0.03671,-2.551743465870952,0.255,-0.03,1378194685952.0
2026-08-30,TSLA,332.14288,15.855876,13.292974,125.581,0.0035109504790477738,0.046669997,0.18852,0.03671,-2.551743465870952,0.255,-0.03,1377404715008.0
2026-08-25,TSN,36.168747,1.1260946,0.36554658,10.004,0.0585129202920047,0.03263,0.06554,0.01031,2.621212167388167,-0.001,2.041,20358752256.0
2026-08-30,TSN,34.197533,1.0780308,0.3499444,9.69,0.06112170396361858,0.03263,0.06554,0.01031,2.621212167388167,-0.001,2.041,19489804288.0
2026-08-25,TT,33.77778,11.663104,4.4872646,23.903,0.0313228403380478,0.36643,0.35389,0.13278,0.7655974668098422,0.106,0.071,99661701120.0
2026-08-30,TT,33.909367,11.470033,4.4476385,23.698,0.031601910036753104,0.36643,0.35389,0.13278,0.7655974668098422,0.106,0.071,98781609984.0
2026-08-25,TTD,15.611765,2.547514,2.0852919,7.427,0.0934985931170756,0.15441,0.76872003,0.13608,-1.506088913328105,0.03,-0.236,6235310592.0
2026-08-30,TTD,16.154762,2.6051064,2.1324346,7.629,0.09143157513534174,0.15441,0.76872003,0.13608,-1.506088913328105,0.03,-0.236,6376273920.0
2026-08-25,TTWO,22.66757,12.3303585,6.529565,58.419,0.0287709418393412,-0.09039,0.57126,-0.04792,1.4587084340230527,0.02,,43659935744.0
2026-08-30,TTWO,22.851135,12.430163,6.5824165,58.88,0.02853993498265916,-0.09039,0.57126,-0.04792,1.4587084340230527,0.02,,44013326336.0
2026-08-25,TXN,40.145737,13.128835,12.156292,25.581,0.0149919856300375,0.35176,0.58325,0.31111,0.7406512403361345,0.228,0.518,236476350464.0
2026-08-30,TXN,39.36682,13.113625,12.142209,25.552,0.01500937392702188,0.35176,0.58325,0.31111,0.7406512403361345,0.228,0.518,236202393600.0
2026-08-25,TXT,15.467043,1.7533035,0.92328155,10.06,0.0320524532262527,0.12126,0.17628999,0.06125,1.6517857523809525,0.03,0.052,14125284352.0
2026-08-30,TXT,15.638418,1.7727302,0.94383556,10.153,0.03135444287477141,0.12126,0.17628999,0.06125,1.6517857523809525,0.03,0.052,14439740416.0
2026-08-25,TYL,46.08679,4.794755,5.996899,32.835,0.0407974580282474,0.09731,0.47205,0.13361,1.057735561050002,0.082,0.155,14570408960.0
2026-08-30,TYL,49.728947,5.0932565,6.370241,34.813,0.03840643340530719,0.09731,0.47205,0.13361,1.0577355610500019,0.082,0.155,15477501952.0
2026-08-25,UAL,10.594216,2.207772,0.5860129,7.6,0.0246904735097303,0.23252001,0.31816,0.05558,2.401776974353572,0.16,-0.172,36861382656.0
2026-08-30,UAL,10.523311,2.1500359,0.5706879,7.464,0.025353500538451777,0.23252001,0.31816,0.05558,2.401776974353572,0.16,-0.172,35897409536.0
2026-08-25,UBER,17.27451,5.921583,2.9325256,23.064,0.0447332157030241,0.3716,0.40752,0.17345,1.2496654942409933,0.122,0.855,161954594816.0
2026-08-30,UBER,16.877943,5.8864822,2.9151428,22.935,0.04499995802094984,0.3716,0.40752,0.17345,1.2496654942409933,0.122,0.855,160994590720.0
2026-08-25,UDR,23.99375,4.259403,7.9844155,18.514,0.0552947276510682,0.13739,0.66581,0.29563,5.757254549078132,-0.001,0.909,14103112704.0
2026-08-30,UDR,23.49367,4.1184955,7.786507,18.122,0.05670014712767117,0.13739,0.66581,0.29563,5.757254549078132,-0.001,0.909,13753540608.0
2026-08-25,UHS,7.235439,1.3836379,0.57392746,5.801,0.0479316841718019,0.20948,0.44607,0.08424,1.8978184534757123,0.083,0.101,10396400640.0
2026-08-30,UHS,7.006531,1.3464586,0.5585056,5.698,0.049255205556237074,0.20948,0.44607,0.08424,1.8978184534757125,0.083,0.101,10117042176.0
2026-08-25,ULTA,20.178276,8.487751,1.8225021,13.36,0.0420138767918844,0.47449002,0.43186,0.09355,1.101480596440195,0.111,0.155,23160922112.0
2026-08-30,ULTA,18.831879,8.152816,1.7079204,12.633,0.041310964745638154,0.46117002,0.43097,0.0934,1.1944981926764104,0.089,0.133,22126991360.0
2026-08-25,UNH,25.063482,3.6657138,0.7944601,15.265,0.0678138036136952,0.14152999,0.19723,0.03135,1.568906783569208,0.004,0.615,357924929536.0
2026-08-30,UNH,25.253857,3.6123037,0.7828847,15.07,0.06881647132457785,0.14152999,0.19723,0.03135,1.5689067835692079,0.004,0.615,352709902336.0
2026-08-25,UNP,24.928398,9.473523,7.244401,16.543,0.0256450674370554,0.39696,0.56285,0.28847,2.2551226328245417,0.115,0.066,184080236544.0
2026-08-30,UNP,24.87136,9.398618,7.1871214,16.43,0.025849452062709017,0.39696,0.56285,0.28847,2.2551226328245417,0.115,0.066,182624763904.0
2026-08-25,UPS,18.987062,5.801751,0.9717812,9.267,0.0635954311223947,0.29602,0.22413,0.050819997,1.99733897098136,0.076,-0.53,87392280576.0
2026-08-30,UPS,19.578068,5.9491673,0.9964731,9.452,0.06201958302652009,0.29602,0.22413,0.050819997,1.99733897098136,0.076,-0.53,89612820480.0
2026-08-25,URI,26.097303,7.322935,4.0068603,17.633,0.025298963292888,0.28895,0.3848,0.15673,3.255809115564986,0.118,0.255,67443474432.0
2026-08-30,URI,24.813343,6.962654,3.8097267,16.926,0.026608053599492476,0.28895,0.3848,0.15673,3.255809115564986,0.118,0.255,64125321216.0
2026-08-25,USB,12.38492,1.6041737,3.5596638,,,0.12623,0.0,0.29896,,0.104,0.216,97253572608.0
2026-08-30,USB,12.444223,1.6054586,3.5625153,,,0.12623,0.0,0.29896,,0.104,0.216,97331478528.0
2026-08-25,V,32.517857,20.265501,16.048767,22.945,0.0285779300079223,0.6119,0.97725,0.50782,0.3237280503091134,0.144,0.102,713977561088.0
2026-08-30,V,32.476597,20.222574,16.014774,22.897,0.028638590725150504,0.6119,0.97725,0.50782,0.3237280503091134,0.144,0.102,712465252352.0
2026-08-25,VEEV,43.89753,5.542518,12.159697,32.307,0.0312073446034409,0.13934,0.75021005,0.28370002,-7.026177116332947,0.163,0.146,40360660992.0
2026-08-30,VEEV,45.4335,6.1722584,12.954681,35.065,0.028074783526747558,0.14425,0.74961,0.29345,-6.59442139257445,0.176,0.395,44798558208.0
2026-08-25,VICI,10.379846,1.0155865,7.196121,13.042,0.0090558651034641,0.09849,0.99271005,0.67496,4.82045781504263,0.057,-0.414,29486856192.0
2026-08-30,VICI,10.027132,0.97648436,6.951593,12.766,0.009374412909509211,0.09849,0.99271005,0.67496,4.82045781504263,0.057,-0.414,28484876288.0
2026-08-25,VLO,14.4347105,3.9847977,0.75226843,7.95,0.0844823274798394,0.27637,0.16118999,0.05446,0.2597354239393575,0.517,4.535,99622903808.0
2026-08-30,VLO,14.45283,4.0580444,0.7660962,8.087,0.08295745459962768,0.27637,0.16118999,0.05446,0.2597354239393575,0.517,4.535,101454110720.0
2026-08-25,VLTO,24.904762,7.835515,4.253115,18.49,0.0333168286657417,0.34312,0.60183,0.17346,1.060431562589928,0.075,0.101,24225744896.0
2026-08-30,VLTO,24.826195,7.7716446,4.2184463,18.348,0.03359064019649941,0.34312,0.60183,0.17346,1.060431562589928,0.075,0.101,24028270592.0
2026-08-25,VMC,32.57851,4.2182984,4.405722,17.317,0.0235932706259088,0.13234,0.27506,0.13748,2.028756955552612,0.025,0.027,35755958272.0
2026-08-30,VMC,32.257343,4.1964383,4.38289,17.238,0.023716175520422447,0.13234,0.27506,0.13748,2.0287569555526117,0.025,0.027,35570659328.0
2026-08-25,VMRK,21.370884,,,19.617,,0.08487,0.62721,0.33321998,4.896664814283789,0.023,-0.413,
2026-08-30,VMRK,25.111113,,8.363185,,0.05167602571867099,0.08487,0.62359,0.32874,4.906676464291916,0.035,-0.42,26139627520.0
2026-08-25,VRSK,29.116743,-21.26669,7.867051,18.958,0.0427849266155543,,0.70179003,0.28237,2.681685977287305,0.044,-0.034,24671072256.0
2026-08-30,VRSK,29.503078,-21.515764,8.0121355,19.148,0.042010171936726515,,0.70179003,0.28237,2.681685977287305,0.044,-0.034,25126057984.0
2026-08-25,VRSN,30.576761,-11.661721,15.391396,23.241,0.0316825282935549,,0.88465,0.49769002,1.1013491264755482,0.06,0.077,26286964736.0
2026-08-30,VRSN,31.731522,-11.70764,15.452,23.328,0.03155826642336333,,0.88465,0.49769002,1.1013491264755482,0.06,0.077,26390470656.0
2026-08-25,VRT,59.157772,20.63031,8.5508585,36.728,0.0274707176522379,0.43943,0.38039002,0.15088001,0.0849634682974928,0.241,0.53,98160435200.0
2026-08-30,VRT,58.16289,20.801035,8.62162,37.032,0.02724525178090548,0.43943,0.38039002,0.15088001,0.08496346829749289,0.241,0.53,98972753920.0
2026-08-25,VRTX,31.948078,6.8516417,11.026493,26.06,0.01893390622711,0.23542999,0.54957,0.34997,-1.151808678533061,0.125,0.08,138792681472.0
2026-08-30,VRTX,31.548632,6.777818,10.900762,25.767,0.019152293110920548,0.23542999,0.54957,0.34997,-1.151808678533061,0.125,0.08,137210077184.0
2026-08-25,VST,22.993221,15.162625,2.3699913,10.246,0.0008153557799184,0.42962003,0.38309,0.1155,3.020312950556717,-0.055,-0.062,45532270592.0
2026-08-30,VST,23.079124,15.322454,2.3949735,10.318,0.0008068507427123483,0.42962003,0.38309,0.1155,3.020312950556717,-0.055,-0.062,46012227584.0
2026-08-25,VTR,169.94545,3.2728736,7.469261,25.716,0.0310115859667881,0.02012,0.39970002,0.04093,5.342625586087404,0.217,-0.067,47945097216.0
2026-08-30,VTR,170.01851,3.2147484,7.336609,25.359,0.031572302108934996,0.02012,0.39970002,0.04093,5.3426255860874035,0.217,-0.067,47093604352.0
2026-08-25,VTRS,6.1983323,1.3139498,1.2890892,7.248,0.1409296062252956,-0.02754,0.40307,-0.02787,2.821945393663891,0.049,,18997694464.0
2026-08-30,VTRS,6.1233826,1.2980616,1.2735015,7.194,0.14265458503609213,-0.02754,0.40307,-0.02787,2.821945393663891,0.049,,18767974400.0
2026-08-25,VZ,12.858974,2.0050378,1.5001403,7.86,0.083828268516394,0.15842,0.59453,0.11643,3.7557262524084503,-0.007,-0.22,208361979904.0
2026-08-30,VZ,13.046875,2.0030386,1.4986445,7.856,0.0839119336379234,0.15842,0.59453,0.11643,3.7557262524084507,-0.007,-0.22,208154230784.0
2026-08-25,WAB,40.002686,4.487906,4.1962643,21.342,0.021908647609562,0.11553001,0.35735,0.10593,2.367408467931293,0.175,0.189,50271244288.0
2026-08-30,WAB,39.384098,4.406629,4.1202683,20.998,0.022312737444362414,0.11553001,0.35735,0.10593,2.367408467931293,0.175,0.189,49360818176.0
2026-08-25,WAT,104.25127,2.6367822,8.683754,31.193,-0.003522643208103,0.019199999,0.56337,0.03588,3.400714158209646,1.134,,40329838592.0
2026-08-30,WAT,105.25127,2.680677,8.767052,31.459,-0.003489174089886334,0.019199999,0.56337,0.03588,3.400714158209646,1.134,,40716693504.0
2026-08-25,WBD,588.71796,2.1920109,1.9923805,13.066,0.2246878482362708,-0.08786,0.47811002,-0.08769,3.671499962912357,-0.112,-0.906,71954825216.0
2026-08-30,WBD,411.0,2.1973574,1.99724,13.089,0.22414116980055926,-0.08786,0.47811002,-0.08769,3.671499962912357,-0.112,-0.906,72130322432.0
2026-08-25,WDAY,62.429462,7.4201717,4.99135,32.171,0.0634088629171271,0.10858,0.75766,0.08595,-0.3624338624338624,0.135,2.48,49184763904.0
2026-08-30,WDAY,39.369232,7.6277056,4.858446,31.341,0.06174560261838379,0.16006,0.75795,0.12319,0.23266074148802018,0.128,2.06,49337520128.0
2026-08-25,WDC,17.067032,,12.1505,31.304,0.0144531857495644,1.30853,0.48851,0.72947,-0.0775689743960073,0.438,9.841,156972318720.0
2026-08-30,WDC,17.067236,21.967487,12.822241,33.039,0.013696002517084704,1.30853,0.48851,0.72947,-0.07756897439600734,0.438,9.841,165650530304.0
2026-08-25,WEC,20.56979,,3.4579747,14.745,-0.0671415145894888,0.11988,0.41909,0.16686001,5.793705487136664,0.026,0.197,35054874624.0
2026-08-30,WEC,20.625242,2.5393867,3.41426,14.633,-0.06800116731973377,0.11988,0.41909,0.16686001,5.7937054871366644,0.026,0.197,34611720192.0
2026-08-25,WELL,108.11261,3.717454,13.550229,57.472,0.0159366993657641,0.03836,0.39560002,0.12149999,5.315081440910481,0.391,0.356,172944490496.0
2026-08-30,WELL,107.72398,3.687406,13.440704,57.053,0.016066564378843046,0.03836,0.39560002,0.12149999,5.315081440910481,0.391,0.356,171546591232.0
2026-08-25,WFC,12.313953,1.5926608,3.0856986,,,0.12575,0.0,0.27232,,0.095,0.25,256193216512.0
2026-08-30,WFC,12.600291,1.629695,3.1574507,,,0.12575,0.0,0.27232,,0.095,0.25,262150504448.0
2026-08-25,WM,31.985876,9.125932,3.526688,14.577,0.0259433046593658,0.29841,0.40601003,0.11115,2.9327244508118437,0.04,0.083,90519502848.0
2026-08-30,WM,30.764708,8.851904,3.4207907,14.227,0.026746430217199205,0.29841,0.40601003,0.11115,2.9327244508118433,0.04,0.083,87801438208.0
2026-08-25,WMB,28.051384,6.598178,7.0444045,17.007,-0.0174724273344806,0.21503,0.63637,0.24937001,4.34949541282066,0.078,0.512,86808199168.0
2026-08-30,WMB,29.610443,6.8547792,7.3183594,17.487,-0.016818365570856135,0.21503,0.63637,0.24937001,4.34949541282066,0.078,0.512,90184146944.0
2026-08-25,WMT,37.628975,8.988015,1.1516849,19.467,0.0106017333610493,0.22313999,0.25231,0.03,1.3227191251952923,0.059,-0.091,847455780864.0
2026-08-30,WMT,37.216606,8.701047,1.1149141,18.892,0.010951387809911662,0.22313999,0.25231,0.03,1.3227191251952923,0.059,-0.091,820398325760.0
2026-08-25,WRB,14.341563,,1.7370018,10.192,0.1177026828507476,0.20207001,0.43785998,0.12943,-0.3083626609048219,0.012,0.15,25874556928.0
2026-08-30,WRB,14.082305,2.7411087,1.7056013,10.002,0.11986961405550849,0.20207001,0.43785998,0.12943,-0.30836266090482195,0.012,0.15,25406812160.0
2026-08-25,WSM,26.65583,14.972922,3.551896,17.48,0.0316274765512186,0.54007,0.46062002,0.1381,0.5103554778925533,0.044,0.043,27996610560.0
2026-08-30,WSM,24.43763,14.804156,3.458531,16.984,0.03862270929378523,0.54960996,0.45692003,0.14729,0.3006652940311332,0.067,0.42,27686078464.0
2026-08-25,WST,45.239437,8.318501,7.474199,27.128,0.0111777872137441,0.19087,0.36786,0.1698,-0.1307827230870423,0.138,0.181,24865163264.0
2026-08-30,WST,43.265385,7.9453316,7.138905,25.905,0.011702775740292123,0.19087,0.36786,0.1698,-0.1307827230870423,0.138,0.181,23749707776.0
2026-08-25,WTW,21.731724,4.2431316,3.2245924,13.529,0.0434576307619435,0.19761999,0.42516,0.15492,1.9318182727272728,0.091,-0.268,32574830592.0
2026-08-30,WTW,21.011614,4.1584506,3.1602385,13.298,0.04434258511188494,0.19761999,0.42516,0.15492,1.9318182727272728,0.091,-0.268,31924727808.0
2026-08-25,WY,36.954544,1.8631121,2.565492,32.705,0.0007750835547012,0.04974,0.14507,0.06888,7.154069674418604,-0.009,0.871,17578749952.0
2026-08-30,WY,35.81818,1.8016919,2.4866023,31.919,0.0007996737315211265,0.04974,0.14507,0.06888,7.154069674418604,-0.009,0.871,17038198784.0
2026-08-25,WYNN,24.01208,-59.77751,1.3808239,10.83,0.0465181092525113,,0.683,0.060549997,5.66178588090094,0.069,1.061,10236634112.0
2026-08-30,WYNN,22.844126,-57.28202,1.3231795,10.597,0.048544670708052615,,0.683,0.060549997,5.66178588090094,0.069,1.061,9809292288.0
2026-08-25,XEL,21.186302,2.027477,3.304801,14.362,-0.1637166258024655,0.0992,0.46825,0.15278,6.472807535322398,-0.051,0.24,48302972928.0
2026-08-30,XEL,20.945204,2.0044048,3.2671926,14.272,-0.16560115102108175,0.0992,0.46825,0.15278,6.472807535322398,-0.051,0.24,47753289728.0
2026-08-25,XOM,21.22251,2.6006658,1.8682743,10.496,0.0306437176550643,0.12584,0.29767,0.09072,0.4677863175503561,0.441,1.128,674559164416.0
2026-08-30,XOM,20.116817,2.4843056,1.7846832,10.052,0.03207901098447341,0.12584,0.29767,0.09072,0.4677863175503561,0.441,1.128,644377739264.0
2026-08-25,XYL,27.185715,2.4226606,2.9212718,14.501,0.0444025178020158,0.09182999,0.39240003,0.111549996,0.8993933589484328,0.015,0.195,26659524608.0
2026-08-30,XYL,26.821686,2.3617651,2.8478434,14.162,0.045547386377381816,0.09182999,0.39240003,0.111549996,0.8993933589484328,0.015,0.195,25989416960.0
2026-08-25,XYZ,147.96362,2.2175593,1.9524306,31.843,-0.000554395217152,0.01612,0.46572,0.01426,0.2798201510803033,0.093,-0.833,48892694528.0
2026-08-30,XYZ,151.94545,2.2772357,2.0049722,32.693,-0.0005398669193315424,0.01612,0.46572,0.01426,0.2798201510803033,0.093,-0.833,50208440320.0
2026-08-25,YUM,19.81738,-5.95031,4.9232965,18.146,0.0194045361987821,,0.45311,0.25406998,4.149608740547588,0.122,1.316,42940989440.0
2026-08-30,YUM,19.377834,-5.8306804,4.814098,17.836,0.019844689257674825,,0.45311,0.25406998,4.149608740547588,0.122,1.316,41988562944.0
2026-08-25,ZBH,24.50971,1.5246407,2.2636204,10.335,0.0566386680610145,0.06413,0.69877,0.09481,2.79342452493966,0.048,0.338,19260692480.0
2026-08-30,ZBH,24.49272,1.5235838,2.2620513,10.33,0.05667795545405058,0.06413,0.69877,0.09481,2.7934245249396596,0.048,0.338,19247341568.0
2026-08-25,ZBRA,33.79535,5.012071,2.9396207,16.886,0.0335554608784447,0.15286,0.49581,0.092180006,2.36908772972973,0.204,1.215,17187962880.0
2026-08-30,ZBRA,32.671864,4.917569,2.9038692,16.612,0.03396858554198847,0.15286,0.49581,0.092180006,2.36908772972973,0.204,1.215,16978923520.0
2026-08-25,ZTS,12.588906,,3.3478703,9.707,0.0632517080332474,0.64911,0.71738,0.27685,1.8639941718129007,-0.002,0.012,31888465920.0
2026-08-30,ZTS,12.616638,9.866054,3.3552454,9.724,0.06311267850231082,0.64911,0.71738,0.27685,1.8639941718129007,-0.002,0.012,31958712320.0
